,Store,DayOfWeek,Date,Sales,Customers,Open,Promo,StateHoliday,SchoolHoliday,PublicHoliday,EasternHolidy,Christmas,Year,Month,DayOfYear,OrdinalDay,StoreTypeA,StoreTypeB,StoreTypeC,AssortmentNum,Promo2,CompetitionOpen,Promo2Begin
941,1,2,2013-01-01,0,0,0,0,a,1,1,0,0,2013,1,1,734869,0,0,1,1,0,1,0
940,1,3,2013-01-02,5530,668,1,0,0,1,0,0,0,2013,1,2,734870,0,0,1,1,0,1,0
939,1,4,2013-01-03,4327,578,1,0,0,1,0,0,0,2013,1,3,734871,0,0,1,1,0,1,0
938,1,5,2013-01-04,4486,619,1,0,0,1,0,0,0,2013,1,4,734872,0,0,1,1,0,1,0
937,1,6,2013-01-05,4997,635,1,0,0,1,0,0,0,2013,1,5,734873,0,0,1,1,0,1,0
936,1,7,2013-01-06,0,0,0,0,0,1,0,0,0,2013,1,6,734874,0,0,1,1,0,1,0
935,1,1,2013-01-07,7176,785,1,1,0,1,0,0,0,2013,1,7,734875,0,0,1,1,0,1,0
934,1,2,2013-01-08,5580,654,1,1,0,1,0,0,0,2013,1,8,734876,0,0,1,1,0,1,0
933,1,3,2013-01-09,5471,626,1,1,0,1,0,0,0,2013,1,9,734877,0,0,1,1,0,1,0
932,1,4,2013-01-10,4892,615,1,1,0,1,0,0,0,2013,1,10,734878,0,0,1,1,0,1,0
931,1,5,2013-01-11,4881,592,1,1,0,1,0,0,0,2013,1,11,734879,0,0,1,1,0,1,0
930,1,6,2013-01-12,4952,646,1,0,0,0,0,0,0,2013,1,12,734880,0,0,1,1,0,1,0
929,1,7,2013-01-13,0,0,0,0,0,0,0,0,0,2013,1,13,734881,0,0,1,1,0,1,0
928,1,1,2013-01-14,4717,616,1,0,0,0,0,0,0,2013,1,14,734882,0,0,1,1,0,1,0
927,1,2,2013-01-15,3900,512,1,0,0,0,0,0,0,2013,1,15,734883,0,0,1,1,0,1,0
926,1,3,2013-01-16,4008,530,1,0,0,0,0,0,0,2013,1,16,734884,0,0,1,1,0,1,0
925,1,4,2013-01-17,4044,503,1,0,0,0,0,0,0,2013,1,17,734885,0,0,1,1,0,1,0
924,1,5,2013-01-18,4127,568,1,0,0,0,0,0,0,2013,1,18,734886,0,0,1,1,0,1,0
923,1,6,2013-01-19,5182,688,1,0,0,0,0,0,0,2013,1,19,734887,0,0,1,1,0,1,0
922,1,7,2013-01-20,0,0,0,0,0,0,0,0,0,2013,1,20,734888,0,0,1,1,0,1,0
921,1,1,2013-01-21,5394,607,1,1,0,0,0,0,0,2013,1,21,734889,0,0,1,1,0,1,0
920,1,2,2013-01-22,5720,667,1,1,0,0,0,0,0,2013,1,22,734890,0,0,1,1,0,1,0
919,1,3,2013-01-23,5578,627,1,1,0,0,0,0,0,2013,1,23,734891,0,0,1,1,0,1,0
918,1,4,2013-01-24,5195,645,1,1,0,0,0,0,0,2013,1,24,734892,0,0,1,1,0,1,0
917,1,5,2013-01-25,5586,676,1,1,0,0,0,0,0,2013,1,25,734893,0,0,1,1,0,1,0
916,1,6,2013-01-26,5598,640,1,0,0,0,0,0,0,2013,1,26,734894,0,0,1,1,0,1,0
915,1,7,2013-01-27,0,0,0,0,0,0,0,0,0,2013,1,27,734895,0,0,1,1,0,1,0
914,1,1,2013-01-28,4055,549,1,0,0,0,0,0,0,2013,1,28,734896,0,0,1,1,0,1,0
913,1,2,2013-01-29,3725,522,1,0,0,0,0,0,0,2013,1,29,734897,0,0,1,1,0,1,0
912,1,3,2013-01-30,4601,560,1,0,0,0,0,0,0,2013,1,30,734898,0,0,1,1,0,1,0
911,1,4,2013-01-31,4709,571,1,0,0,0,0,0,0,2013,1,31,734899,0,0,1,1,0,1,0
910,1,5,2013-02-01,5633,658,1,0,0,0,0,0,0,2013,2,32,734900,0,0,1,1,0,1,0
909,1,6,2013-02-02,5970,701,1,0,0,0,0,0,0,2013,2,33,734901,0,0,1,1,0,1,0
908,1,7,2013-02-03,0,0,0,0,0,0,0,0,0,2013,2,34,734902,0,0,1,1,0,1,0
907,1,1,2013-02-04,7032,762,1,1,0,0,0,0,0,2013,2,35,734903,0,0,1,1,0,1,0
906,1,2,2013-02-05,6049,678,1,1,0,0,0,0,0,2013,2,36,734904,0,0,1,1,0,1,0
905,1,3,2013-02-06,6140,693,1,1,0,0,0,0,0,2013,2,37,734905,0,0,1,1,0,1,0
904,1,4,2013-02-07,5499,675,1,1,0,0,0,0,0,2013,2,38,734906,0,0,1,1,0,1,0
903,1,5,2013-02-08,5681,630,1,1,0,0,0,0,0,2013,2,39,734907,0,0,1,1,0,1,0
902,1,6,2013-02-09,5370,656,1,0,0,0,0,0,0,2013,2,40,734908,0,0,1,1,0,1,0
901,1,7,2013-02-10,0,0,0,0,0,0,0,0,0,2013,2,41,734909,0,0,1,1,0,1,0
900,1,1,2013-02-11,4409,599,1,0,0,0,0,0,0,2013,2,42,734910,0,0,1,1,0,1,0
899,1,2,2013-02-12,4015,572,1,0,0,0,0,0,0,2013,2,43,734911,0,0,1,1,0,1,0
898,1,3,2013-02-13,4252,604,1,0,0,0,0,0,0,2013,2,44,734912,0,0,1,1,0,1,0
897,1,4,2013-02-14,4241,573,1,0,0,0,0,0,0,2013,2,45,734913,0,0,1,1,0,1,0
896,1,5,2013-02-15,4809,607,1,0,0,0,0,0,0,2013,2,46,734914,0,0,1,1,0,1,0
895,1,6,2013-02-16,6154,682,1,0,0,0,0,0,0,2013,2,47,734915,0,0,1,1,0,1,0
894,1,7,2013-02-17,0,0,0,0,0,0,0,0,0,2013,2,48,734916,0,0,1,1,0,1,0
893,1,1,2013-02-18,6407,710,1,1,0,0,0,0,0,2013,2,49,734917,0,0,1,1,0,1,0
892,1,2,2013-02-19,5386,608,1,1,0,0,0,0,0,2013,2,50,734918,0,0,1,1,0,1,0
891,1,3,2013-02-20,5660,684,1,1,0,0,0,0,0,2013,2,51,734919,0,0,1,1,0,1,0
890,1,4,2013-02-21,5261,629,1,1,0,0,0,0,0,2013,2,52,734920,0,0,1,1,0,1,0
889,1,5,2013-02-22,5000,599,1,1,0,0,0,0,0,2013,2,53,734921,0,0,1,1,0,1,0
888,1,6,2013-02-23,5237,650,1,0,0,0,0,0,0,2013,2,54,734922,0,0,1,1,0,1,0
887,1,7,2013-02-24,0,0,0,0,0,0,0,0,0,2013,2,55,734923,0,0,1,1,0,1,0
886,1,1,2013-02-25,4038,534,1,0,0,0,0,0,0,2013,2,56,734924,0,0,1,1,0,1,0
885,1,2,2013-02-26,3794,525,1,0,0,0,0,0,0,2013,2,57,734925,0,0,1,1,0,1,0
884,1,3,2013-02-27,4558,579,1,0,0,0,0,0,0,2013,2,58,734926,0,0,1,1,0,1,0
883,1,4,2013-02-28,4676,581,1,0,0,0,0,0,0,2013,2,59,734927,0,0,1,1,0,1,0
882,1,5,2013-03-01,4611,584,1,0,0,0,0,0,0,2013,3,60,734928,0,0,1,1,0,1,0
881,1,6,2013-03-02,5350,678,1,0,0,0,0,0,0,2013,3,61,734929,0,0,1,1,0,1,0
880,1,7,2013-03-03,0,0,0,0,0,0,0,0,0,2013,3,62,734930,0,0,1,1,0,1,0
879,1,1,2013-03-04,7675,840,1,1,0,0,0,0,0,2013,3,63,734931,0,0,1,1,0,1,0
878,1,2,2013-03-05,6300,715,1,1,0,0,0,0,0,2013,3,64,734932,0,0,1,1,0,1,0
877,1,3,2013-03-06,5973,678,1,1,0,0,0,0,0,2013,3,65,734933,0,0,1,1,0,1,0
876,1,4,2013-03-07,5637,702,1,1,0,0,0,0,0,2013,3,66,734934,0,0,1,1,0,1,0
875,1,5,2013-03-08,5853,694,1,1,0,0,0,0,0,2013,3,67,734935,0,0,1,1,0,1,0
874,1,6,2013-03-09,5578,734,1,0,0,0,0,0,0,2013,3,68,734936,0,0,1,1,0,1,0
873,1,7,2013-03-10,0,0,0,0,0,0,0,0,0,2013,3,69,734937,0,0,1,1,0,1,0
872,1,1,2013-03-11,4949,618,1,0,0,0,0,0,0,2013,3,70,734938,0,0,1,1,0,1,0
871,1,2,2013-03-12,3853,491,1,0,0,0,0,0,0,2013,3,71,734939,0,0,1,1,0,1,0
870,1,3,2013-03-13,4341,622,1,0,0,0,0,0,0,2013,3,72,734940,0,0,1,1,0,1,0
869,1,4,2013-03-14,5108,660,1,0,0,0,0,0,0,2013,3,73,734941,0,0,1,1,0,1,0
868,1,5,2013-03-15,4925,677,1,0,0,0,0,0,0,2013,3,74,734942,0,0,1,1,0,1,0
867,1,6,2013-03-16,5003,680,1,0,0,0,0,0,0,2013,3,75,734943,0,0,1,1,0,1,0
866,1,7,2013-03-17,0,0,0,0,0,0,0,0,0,2013,3,76,734944,0,0,1,1,0,1,0
865,1,1,2013-03-18,7072,778,1,1,0,0,0,0,0,2013,3,77,734945,0,0,1,1,0,1,0
864,1,2,2013-03-19,6563,719,1,1,0,0,0,0,0,2013,3,78,734946,0,0,1,1,0,1,0
863,1,3,2013-03-20,5598,688,1,1,0,0,0,0,0,2013,3,79,734947,0,0,1,1,0,1,0
862,1,4,2013-03-21,5179,662,1,1,0,0,0,0,0,2013,3,80,734948,0,0,1,1,0,1,0
861,1,5,2013-03-22,5506,694,1,1,0,0,0,0,0,2013,3,81,734949,0,0,1,1,0,1,0
860,1,6,2013-03-23,5603,682,1,0,0,0,0,0,0,2013,3,82,734950,0,0,1,1,0,1,0
859,1,7,2013-03-24,0,0,0,0,0,0,0,0,0,2013,3,83,734951,0,0,1,1,0,1,0
858,1,1,2013-03-25,6729,777,1,1,0,1,0,0,0,2013,3,84,734952,0,0,1,1,0,1,0
857,1,2,2013-03-26,6686,747,1,1,0,1,0,0,0,2013,3,85,734953,0,0,1,1,0,1,0
856,1,3,2013-03-27,6660,779,1,1,0,1,0,0,0,2013,3,86,734954,0,0,1,1,0,1,0
855,1,4,2013-03-28,7285,902,1,1,0,1,0,0,0,2013,3,87,734955,0,0,1,1,0,1,0
854,1,5,2013-03-29,0,0,0,1,b,1,0,1,0,2013,3,88,734956,0,0,1,1,0,1,0
853,1,6,2013-03-30,7132,773,1,0,0,0,0,0,0,2013,3,89,734957,0,0,1,1,0,1,0
852,1,7,2013-03-31,0,0,0,0,0,0,0,0,0,2013,3,90,734958,0,0,1,1,0,1,0
851,1,1,2013-04-01,0,0,0,0,b,1,0,1,0,2013,4,91,734959,0,0,1,1,0,1,0
850,1,2,2013-04-02,5484,629,1,0,0,1,0,0,0,2013,4,92,734960,0,0,1,1,0,1,0
849,1,3,2013-04-03,4625,594,1,0,0,1,0,0,0,2013,4,93,734961,0,0,1,1,0,1,0
848,1,4,2013-04-04,4293,566,1,0,0,1,0,0,0,2013,4,94,734962,0,0,1,1,0,1,0
847,1,5,2013-04-05,4390,571,1,0,0,1,0,0,0,2013,4,95,734963,0,0,1,1,0,1,0
846,1,6,2013-04-06,5075,657,1,0,0,0,0,0,0,2013,4,96,734964,0,0,1,1,0,1,0
845,1,7,2013-04-07,0,0,0,0,0,0,0,0,0,2013,4,97,734965,0,0,1,1,0,1,0
844,1,1,2013-04-08,6046,695,1,1,0,0,0,0,0,2013,4,98,734966,0,0,1,1,0,1,0
843,1,2,2013-04-09,5514,594,1,1,0,0,0,0,0,2013,4,99,734967,0,0,1,1,0,1,0
842,1,3,2013-04-10,4903,575,1,1,0,0,0,0,0,2013,4,100,734968,0,0,1,1,0,1,0
841,1,4,2013-04-11,4366,541,1,1,0,0,0,0,0,2013,4,101,734969,0,0,1,1,0,1,0
840,1,5,2013-04-12,5263,614,1,1,0,0,0,0,0,2013,4,102,734970,0,0,1,1,0,1,0
839,1,6,2013-04-13,4773,608,1,0,0,0,0,0,0,2013,4,103,734971,0,0,1,1,0,1,0
838,1,7,2013-04-14,0,0,0,0,0,0,0,0,0,2013,4,104,734972,0,0,1,1,0,1,0
837,1,1,2013-04-15,3941,526,1,0,0,0,0,0,0,2013,4,105,734973,0,0,1,1,0,1,0
836,1,2,2013-04-16,3357,453,1,0,0,0,0,0,0,2013,4,106,734974,0,0,1,1,0,1,0
835,1,3,2013-04-17,3649,500,1,0,0,0,0,0,0,2013,4,107,734975,0,0,1,1,0,1,0
834,1,4,2013-04-18,2952,432,1,0,0,0,0,0,0,2013,4,108,734976,0,0,1,1,0,1,0
833,1,5,2013-04-19,4303,526,1,0,0,0,0,0,0,2013,4,109,734977,0,0,1,1,0,1,0
832,1,6,2013-04-20,4350,546,1,0,0,0,0,0,0,2013,4,110,734978,0,0,1,1,0,1,0
831,1,7,2013-04-21,0,0,0,0,0,0,0,0,0,2013,4,111,734979,0,0,1,1,0,1,0
830,1,1,2013-04-22,5672,623,1,1,0,0,0,0,0,2013,4,112,734980,0,0,1,1,0,1,0
829,1,2,2013-04-23,4492,560,1,1,0,0,0,0,0,2013,4,113,734981,0,0,1,1,0,1,0
828,1,3,2013-04-24,4309,512,1,1,0,0,0,0,0,2013,4,114,734982,0,0,1,1,0,1,0
827,1,4,2013-04-25,3939,532,1,1,0,0,0,0,0,2013,4,115,734983,0,0,1,1,0,1,0
826,1,5,2013-04-26,4841,572,1,1,0,0,0,0,0,2013,4,116,734984,0,0,1,1,0,1,0
825,1,6,2013-04-27,5726,650,1,0,0,0,0,0,0,2013,4,117,734985,0,0,1,1,0,1,0
824,1,7,2013-04-28,0,0,0,0,0,0,0,0,0,2013,4,118,734986,0,0,1,1,0,1,0
823,1,1,2013-04-29,5821,641,1,1,0,0,0,0,0,2013,4,119,734987,0,0,1,1,0,1,0
822,1,2,2013-04-30,5925,665,1,1,0,0,0,0,0,2013,4,120,734988,0,0,1,1,0,1,0
821,1,3,2013-05-01,0,0,0,1,a,0,1,0,0,2013,5,121,734989,0,0,1,1,0,1,0
820,1,4,2013-05-02,6486,677,1,1,0,0,0,0,0,2013,5,122,734990,0,0,1,1,0,1,0
819,1,5,2013-05-03,6027,658,1,1,0,0,0,0,0,2013,5,123,734991,0,0,1,1,0,1,0
818,1,6,2013-05-04,5912,813,1,0,0,0,0,0,0,2013,5,124,734992,0,0,1,1,0,1,0
817,1,7,2013-05-05,0,0,0,0,0,0,0,0,0,2013,5,125,734993,0,0,1,1,0,1,0
816,1,1,2013-05-06,4568,562,1,0,0,0,0,0,0,2013,5,126,734994,0,0,1,1,0,1,0
815,1,2,2013-05-07,4624,540,1,0,0,0,0,0,0,2013,5,127,734995,0,0,1,1,0,1,0
814,1,3,2013-05-08,5230,631,1,0,0,0,0,0,0,2013,5,128,734996,0,0,1,1,0,1,0
813,1,4,2013-05-09,0,0,0,0,a,0,1,0,0,2013,5,129,734997,0,0,1,1,0,1,0
812,1,5,2013-05-10,5409,644,1,0,0,0,0,0,0,2013,5,130,734998,0,0,1,1,0,1,0
811,1,6,2013-05-11,5064,640,1,0,0,0,0,0,0,2013,5,131,734999,0,0,1,1,0,1,0
810,1,7,2013-05-12,0,0,0,0,0,0,0,0,0,2013,5,132,735000,0,0,1,1,0,1,0
809,1,1,2013-05-13,6106,660,1,1,0,0,0,0,0,2013,5,133,735001,0,0,1,1,0,1,0
808,1,2,2013-05-14,5083,574,1,1,0,0,0,0,0,2013,5,134,735002,0,0,1,1,0,1,0
807,1,3,2013-05-15,4790,576,1,1,0,0,0,0,0,2013,5,135,735003,0,0,1,1,0,1,0
806,1,4,2013-05-16,4448,544,1,1,0,0,0,0,0,2013,5,136,735004,0,0,1,1,0,1,0
805,1,5,2013-05-17,4856,597,1,1,0,0,0,0,0,2013,5,137,735005,0,0,1,1,0,1,0
804,1,6,2013-05-18,4413,535,1,0,0,0,0,0,0,2013,5,138,735006,0,0,1,1,0,1,0
803,1,7,2013-05-19,0,0,0,0,0,0,0,0,0,2013,5,139,735007,0,0,1,1,0,1,0
802,1,1,2013-05-20,0,0,0,0,a,0,1,0,0,2013,5,140,735008,0,0,1,1,0,1,0
801,1,2,2013-05-21,4789,602,1,0,0,0,0,0,0,2013,5,141,735009,0,0,1,1,0,1,0
800,1,3,2013-05-22,3559,507,1,0,0,0,0,0,0,2013,5,142,735010,0,0,1,1,0,1,0
799,1,4,2013-05-23,4030,536,1,0,0,0,0,0,0,2013,5,143,735011,0,0,1,1,0,1,0
798,1,5,2013-05-24,4232,534,1,0,0,0,0,0,0,2013,5,144,735012,0,0,1,1,0,1,0
797,1,6,2013-05-25,4408,538,1,0,0,0,0,0,0,2013,5,145,735013,0,0,1,1,0,1,0
796,1,7,2013-05-26,0,0,0,0,0,0,0,0,0,2013,5,146,735014,0,0,1,1,0,1,0
795,1,1,2013-05-27,5519,606,1,1,0,0,0,0,0,2013,5,147,735015,0,0,1,1,0,1,0
794,1,2,2013-05-28,4995,555,1,1,0,0,0,0,0,2013,5,148,735016,0,0,1,1,0,1,0
793,1,3,2013-05-29,5784,641,1,1,0,0,0,0,0,2013,5,149,735017,0,0,1,1,0,1,0
792,1,4,2013-05-30,0,0,0,1,a,0,1,0,0,2013,5,150,735018,0,0,1,1,0,1,0
791,1,5,2013-05-31,7893,795,1,1,0,0,0,0,0,2013,5,151,735019,0,0,1,1,0,1,0
790,1,6,2013-06-01,5693,662,1,0,0,0,0,0,0,2013,6,152,735020,0,0,1,1,0,1,0
789,1,7,2013-06-02,0,0,0,0,0,0,0,0,0,2013,6,153,735021,0,0,1,1,0,1,0
788,1,1,2013-06-03,5422,619,1,1,0,0,0,0,0,2013,6,154,735022,0,0,1,1,0,1,0
787,1,2,2013-06-04,5220,558,1,1,0,0,0,0,0,2013,6,155,735023,0,0,1,1,0,1,0
786,1,3,2013-06-05,5012,575,1,1,0,0,0,0,0,2013,6,156,735024,0,0,1,1,0,1,0
785,1,4,2013-06-06,4881,555,1,1,0,0,0,0,0,2013,6,157,735025,0,0,1,1,0,1,0
784,1,5,2013-06-07,4315,541,1,1,0,0,0,0,0,2013,6,158,735026,0,0,1,1,0,1,0
783,1,6,2013-06-08,4262,511,1,0,0,0,0,0,0,2013,6,159,735027,0,0,1,1,0,1,0
782,1,7,2013-06-09,0,0,0,0,0,0,0,0,0,2013,6,160,735028,0,0,1,1,0,1,0
781,1,1,2013-06-10,4291,531,1,0,0,0,0,0,0,2013,6,161,735029,0,0,1,1,0,1,0
780,1,2,2013-06-11,3784,500,1,0,0,0,0,0,0,2013,6,162,735030,0,0,1,1,0,1,0
779,1,3,2013-06-12,3563,476,1,0,0,0,0,0,0,2013,6,163,735031,0,0,1,1,0,1,0
778,1,4,2013-06-13,3661,461,1,0,0,0,0,0,0,2013,6,164,735032,0,0,1,1,0,1,0
777,1,5,2013-06-14,4150,529,1,0,0,0,0,0,0,2013,6,165,735033,0,0,1,1,0,1,0
776,1,6,2013-06-15,4766,567,1,0,0,0,0,0,0,2013,6,166,735034,0,0,1,1,0,1,0
775,1,7,2013-06-16,0,0,0,0,0,0,0,0,0,2013,6,167,735035,0,0,1,1,0,1,0
774,1,1,2013-06-17,5337,585,1,1,0,0,0,0,0,2013,6,168,735036,0,0,1,1,0,1,0
773,1,2,2013-06-18,4633,554,1,1,0,0,0,0,0,2013,6,169,735037,0,0,1,1,0,1,0
772,1,3,2013-06-19,4180,517,1,1,0,0,0,0,0,2013,6,170,735038,0,0,1,1,0,1,0
771,1,4,2013-06-20,5011,539,1,1,0,0,0,0,0,2013,6,171,735039,0,0,1,1,0,1,0
770,1,5,2013-06-21,5173,542,1,1,0,0,0,0,0,2013,6,172,735040,0,0,1,1,0,1,0
769,1,6,2013-06-22,4341,512,1,0,0,0,0,0,0,2013,6,173,735041,0,0,1,1,0,1,0
768,1,7,2013-06-23,0,0,0,0,0,0,0,0,0,2013,6,174,735042,0,0,1,1,0,1,0
767,1,1,2013-06-24,3549,494,1,0,0,0,0,0,0,2013,6,175,735043,0,0,1,1,0,1,0
766,1,2,2013-06-25,4536,528,1,0,0,0,0,0,0,2013,6,176,735044,0,0,1,1,0,1,0
765,1,3,2013-06-26,3827,508,1,0,0,0,0,0,0,2013,6,177,735045,0,0,1,1,0,1,0
764,1,4,2013-06-27,3593,464,1,0,0,0,0,0,0,2013,6,178,735046,0,0,1,1,0,1,0
763,1,5,2013-06-28,4407,568,1,0,0,0,0,0,0,2013,6,179,735047,0,0,1,1,0,1,0
762,1,6,2013-06-29,5804,671,1,0,0,0,0,0,0,2013,6,180,735048,0,0,1,1,0,1,0
761,1,7,2013-06-30,0,0,0,0,0,0,0,0,0,2013,6,181,735049,0,0,1,1,0,1,0
760,1,1,2013-07-01,5614,614,1,1,0,0,0,0,0,2013,7,182,735050,0,0,1,1,0,1,0
759,1,2,2013-07-02,5868,614,1,1,0,0,0,0,0,2013,7,183,735051,0,0,1,1,0,1,0
758,1,3,2013-07-03,5875,634,1,1,0,0,0,0,0,2013,7,184,735052,0,0,1,1,0,1,0
757,1,4,2013-07-04,5701,634,1,1,0,0,0,0,0,2013,7,185,735053,0,0,1,1,0,1,0
756,1,5,2013-07-05,4986,603,1,1,0,0,0,0,0,2013,7,186,735054,0,0,1,1,0,1,0
755,1,6,2013-07-06,4090,498,1,0,0,1,0,0,0,2013,7,187,735055,0,0,1,1,0,1,0
754,1,7,2013-07-07,0,0,0,0,0,1,0,0,0,2013,7,188,735056,0,0,1,1,0,1,0
753,1,1,2013-07-08,4475,523,1,0,0,1,0,0,0,2013,7,189,735057,0,0,1,1,0,1,0
752,1,2,2013-07-09,4047,503,1,0,0,1,0,0,0,2013,7,190,735058,0,0,1,1,0,1,0
751,1,3,2013-07-10,3963,496,1,0,0,1,0,0,0,2013,7,191,735059,0,0,1,1,0,1,0
750,1,4,2013-07-11,4053,486,1,0,0,1,0,0,0,2013,7,192,735060,0,0,1,1,0,1,0
749,1,5,2013-07-12,4134,514,1,0,0,1,0,0,0,2013,7,193,735061,0,0,1,1,0,1,0
748,1,6,2013-07-13,4015,490,1,0,0,1,0,0,0,2013,7,194,735062,0,0,1,1,0,1,0
747,1,7,2013-07-14,0,0,0,0,0,1,0,0,0,2013,7,195,735063,0,0,1,1,0,1,0
746,1,1,2013-07-15,6377,657,1,1,0,1,0,0,0,2013,7,196,735064,0,0,1,1,0,1,0
745,1,2,2013-07-16,5643,582,1,1,0,1,0,0,0,2013,7,197,735065,0,0,1,1,0,1,0
744,1,3,2013-07-17,4946,544,1,1,0,1,0,0,0,2013,7,198,735066,0,0,1,1,0,1,0
743,1,4,2013-07-18,4904,533,1,1,0,1,0,0,0,2013,7,199,735067,0,0,1,1,0,1,0
742,1,5,2013-07-19,4275,495,1,1,0,1,0,0,0,2013,7,200,735068,0,0,1,1,0,1,0
741,1,6,2013-07-20,4421,544,1,0,0,1,0,0,0,2013,7,201,735069,0,0,1,1,0,1,0
740,1,7,2013-07-21,0,0,0,0,0,1,0,0,0,2013,7,202,735070,0,0,1,1,0,1,0
739,1,1,2013-07-22,4149,493,1,0,0,1,0,0,0,2013,7,203,735071,0,0,1,1,0,1,0
738,1,2,2013-07-23,3937,497,1,0,0,1,0,0,0,2013,7,204,735072,0,0,1,1,0,1,0
737,1,3,2013-07-24,3849,453,1,0,0,1,0,0,0,2013,7,205,735073,0,0,1,1,0,1,0
736,1,4,2013-07-25,3502,451,1,0,0,1,0,0,0,2013,7,206,735074,0,0,1,1,0,1,0
735,1,5,2013-07-26,4221,516,1,0,0,1,0,0,0,2013,7,207,735075,0,0,1,1,0,1,0
734,1,6,2013-07-27,3352,456,1,0,0,1,0,0,0,2013,7,208,735076,0,0,1,1,0,1,0
733,1,7,2013-07-28,0,0,0,0,0,1,0,0,0,2013,7,209,735077,0,0,1,1,0,1,0
732,1,1,2013-07-29,6290,630,1,1,0,1,0,0,0,2013,7,210,735078,0,0,1,1,0,1,0
731,1,2,2013-07-30,5773,630,1,1,0,1,0,0,0,2013,7,211,735079,0,0,1,1,0,1,0
730,1,3,2013-07-31,5572,624,1,1,0,1,0,0,0,2013,7,212,735080,0,0,1,1,0,1,0
729,1,4,2013-08-01,4994,555,1,1,0,1,0,0,0,2013,8,213,735081,0,0,1,1,0,1,0
728,1,5,2013-08-02,4494,562,1,1,0,1,0,0,0,2013,8,214,735082,0,0,1,1,0,1,0
727,1,6,2013-08-03,4461,553,1,0,0,1,0,0,0,2013,8,215,735083,0,0,1,1,0,1,0
726,1,7,2013-08-04,0,0,0,0,0,1,0,0,0,2013,8,216,735084,0,0,1,1,0,1,0
725,1,1,2013-08-05,4086,522,1,0,0,1,0,0,0,2013,8,217,735085,0,0,1,1,0,1,0
724,1,2,2013-08-06,3582,477,1,0,0,1,0,0,0,2013,8,218,735086,0,0,1,1,0,1,0
723,1,3,2013-08-07,4143,512,1,0,0,1,0,0,0,2013,8,219,735087,0,0,1,1,0,1,0
722,1,4,2013-08-08,3680,466,1,0,0,1,0,0,0,2013,8,220,735088,0,0,1,1,0,1,0
721,1,5,2013-08-09,3257,418,1,0,0,1,0,0,0,2013,8,221,735089,0,0,1,1,0,1,0
720,1,6,2013-08-10,3768,457,1,0,0,1,0,0,0,2013,8,222,735090,0,0,1,1,0,1,0
719,1,7,2013-08-11,0,0,0,0,0,1,0,0,0,2013,8,223,735091,0,0,1,1,0,1,0
718,1,1,2013-08-12,5326,600,1,1,0,1,0,0,0,2013,8,224,735092,0,0,1,1,0,1,0
717,1,2,2013-08-13,5299,573,1,1,0,1,0,0,0,2013,8,225,735093,0,0,1,1,0,1,0
716,1,3,2013-08-14,4724,574,1,1,0,1,0,0,0,2013,8,226,735094,0,0,1,1,0,1,0
715,1,4,2013-08-15,4575,538,1,1,0,1,0,0,0,2013,8,227,735095,0,0,1,1,0,1,0
714,1,5,2013-08-16,4552,527,1,1,0,1,0,0,0,2013,8,228,735096,0,0,1,1,0,1,0
713,1,6,2013-08-17,4078,503,1,0,0,0,0,0,0,2013,8,229,735097,0,0,1,1,0,1,0
712,1,7,2013-08-18,0,0,0,0,0,0,0,0,0,2013,8,230,735098,0,0,1,1,0,1,0
711,1,1,2013-08-19,3954,513,1,0,0,0,0,0,0,2013,8,231,735099,0,0,1,1,0,1,0
710,1,2,2013-08-20,3492,475,1,0,0,0,0,0,0,2013,8,232,735100,0,0,1,1,0,1,0
709,1,3,2013-08-21,3096,441,1,0,0,0,0,0,0,2013,8,233,735101,0,0,1,1,0,1,0
708,1,4,2013-08-22,3703,498,1,0,0,0,0,0,0,2013,8,234,735102,0,0,1,1,0,1,0
707,1,5,2013-08-23,3493,445,1,0,0,0,0,0,0,2013,8,235,735103,0,0,1,1,0,1,0
706,1,6,2013-08-24,4752,601,1,0,0,0,0,0,0,2013,8,236,735104,0,0,1,1,0,1,0
705,1,7,2013-08-25,0,0,0,0,0,0,0,0,0,2013,8,237,735105,0,0,1,1,0,1,0
704,1,1,2013-08-26,5482,613,1,1,0,0,0,0,0,2013,8,238,735106,0,0,1,1,0,1,0
703,1,2,2013-08-27,5156,556,1,1,0,0,0,0,0,2013,8,239,735107,0,0,1,1,0,1,0
702,1,3,2013-08-28,4583,507,1,1,0,0,0,0,0,2013,8,240,735108,0,0,1,1,0,1,0
701,1,4,2013-08-29,4804,534,1,1,0,0,0,0,0,2013,8,241,735109,0,0,1,1,0,1,0
700,1,5,2013-08-30,5469,612,1,1,0,0,0,0,0,2013,8,242,735110,0,0,1,1,0,1,0
699,1,6,2013-08-31,5317,598,1,0,0,0,0,0,0,2013,8,243,735111,0,0,1,1,0,1,0
698,1,7,2013-09-01,0,0,0,0,0,0,0,0,0,2013,9,244,735112,0,0,1,1,0,1,0
697,1,1,2013-09-02,4195,496,1,0,0,0,0,0,0,2013,9,245,735113,0,0,1,1,0,1,0
696,1,2,2013-09-03,3928,507,1,0,0,0,0,0,0,2013,9,246,735114,0,0,1,1,0,1,0
695,1,3,2013-09-04,3343,444,1,0,0,0,0,0,0,2013,9,247,735115,0,0,1,1,0,1,0
694,1,4,2013-09-05,3883,465,1,0,0,0,0,0,0,2013,9,248,735116,0,0,1,1,0,1,0
693,1,5,2013-09-06,3836,466,1,0,0,0,0,0,0,2013,9,249,735117,0,0,1,1,0,1,0
692,1,6,2013-09-07,4663,555,1,0,0,0,0,0,0,2013,9,250,735118,0,0,1,1,0,1,0
691,1,7,2013-09-08,0,0,0,0,0,0,0,0,0,2013,9,251,735119,0,0,1,1,0,1,0
690,1,1,2013-09-09,5893,601,1,1,0,0,0,0,0,2013,9,252,735120,0,0,1,1,0,1,0
689,1,2,2013-09-10,5403,599,1,1,0,0,0,0,0,2013,9,253,735121,0,0,1,1,0,1,0
688,1,3,2013-09-11,5103,580,1,1,0,0,0,0,0,2013,9,254,735122,0,0,1,1,0,1,0
687,1,4,2013-09-12,5079,586,1,1,0,0,0,0,0,2013,9,255,735123,0,0,1,1,0,1,0
686,1,5,2013-09-13,5187,559,1,1,0,0,0,0,0,2013,9,256,735124,0,0,1,1,0,1,0
685,1,6,2013-09-14,4663,619,1,0,0,0,0,0,0,2013,9,257,735125,0,0,1,1,0,1,0
684,1,7,2013-09-15,0,0,0,0,0,0,0,0,0,2013,9,258,735126,0,0,1,1,0,1,0
683,1,1,2013-09-16,4249,568,1,0,0,0,0,0,0,2013,9,259,735127,0,0,1,1,0,1,0
682,1,2,2013-09-17,3685,502,1,0,0,0,0,0,0,2013,9,260,735128,0,0,1,1,0,1,0
681,1,3,2013-09-18,3946,507,1,0,0,0,0,0,0,2013,9,261,735129,0,0,1,1,0,1,0
680,1,4,2013-09-19,3717,469,1,0,0,0,0,0,0,2013,9,262,735130,0,0,1,1,0,1,0
679,1,5,2013-09-20,3516,494,1,0,0,0,0,0,0,2013,9,263,735131,0,0,1,1,0,1,0
678,1,6,2013-09-21,3909,522,1,0,0,0,0,0,0,2013,9,264,735132,0,0,1,1,0,1,0
677,1,7,2013-09-22,0,0,0,0,0,0,0,0,0,2013,9,265,735133,0,0,1,1,0,1,0
676,1,1,2013-09-23,4770,542,1,1,0,0,0,0,0,2013,9,266,735134,0,0,1,1,0,1,0
675,1,2,2013-09-24,4274,492,1,1,0,0,0,0,0,2013,9,267,735135,0,0,1,1,0,1,0
674,1,3,2013-09-25,4212,500,1,1,0,0,0,0,0,2013,9,268,735136,0,0,1,1,0,1,0
673,1,4,2013-09-26,4481,537,1,1,0,0,0,0,0,2013,9,269,735137,0,0,1,1,0,1,0
672,1,5,2013-09-27,4669,548,1,1,0,0,0,0,0,2013,9,270,735138,0,0,1,1,0,1,0
671,1,6,2013-09-28,4175,538,1,0,0,0,0,0,0,2013,9,271,735139,0,0,1,1,0,1,0
670,1,7,2013-09-29,0,0,0,0,0,0,0,0,0,2013,9,272,735140,0,0,1,1,0,1,0
669,1,1,2013-09-30,4088,516,1,0,0,0,0,0,0,2013,9,273,735141,0,0,1,1,0,1,0
668,1,2,2013-10-01,4178,508,1,0,0,0,0,0,0,2013,10,274,735142,0,0,1,1,0,1,0
667,1,3,2013-10-02,4001,509,1,0,0,0,0,0,0,2013,10,275,735143,0,0,1,1,0,1,0
666,1,4,2013-10-03,0,0,0,0,a,0,1,0,0,2013,10,276,735144,0,0,1,1,0,1,0
665,1,5,2013-10-04,5447,619,1,0,0,0,0,0,0,2013,10,277,735145,0,0,1,1,0,1,0
664,1,6,2013-10-05,5352,662,1,0,0,0,0,0,0,2013,10,278,735146,0,0,1,1,0,1,0
663,1,7,2013-10-06,0,0,0,0,0,0,0,0,0,2013,10,279,735147,0,0,1,1,0,1,0
662,1,1,2013-10-07,6004,626,1,1,0,0,0,0,0,2013,10,280,735148,0,0,1,1,0,1,0
661,1,2,2013-10-08,5452,592,1,1,0,0,0,0,0,2013,10,281,735149,0,0,1,1,0,1,0
660,1,3,2013-10-09,4957,596,1,1,0,0,0,0,0,2013,10,282,735150,0,0,1,1,0,1,0
659,1,4,2013-10-10,5286,596,1,1,0,0,0,0,0,2013,10,283,735151,0,0,1,1,0,1,0
658,1,5,2013-10-11,5896,670,1,1,0,0,0,0,0,2013,10,284,735152,0,0,1,1,0,1,0
657,1,6,2013-10-12,4954,608,1,0,0,0,0,0,0,2013,10,285,735153,0,0,1,1,0,1,0
656,1,7,2013-10-13,0,0,0,0,0,0,0,0,0,2013,10,286,735154,0,0,1,1,0,1,0
655,1,1,2013-10-14,3773,478,1,0,0,1,0,0,0,2013,10,287,735155,0,0,1,1,0,1,0
654,1,2,2013-10-15,3355,457,1,0,0,1,0,0,0,2013,10,288,735156,0,0,1,1,0,1,0
653,1,3,2013-10-16,3383,452,1,0,0,1,0,0,0,2013,10,289,735157,0,0,1,1,0,1,0
652,1,4,2013-10-17,3223,446,1,0,0,1,0,0,0,2013,10,290,735158,0,0,1,1,0,1,0
651,1,5,2013-10-18,3566,490,1,0,0,1,0,0,0,2013,10,291,735159,0,0,1,1,0,1,0
650,1,6,2013-10-19,3667,479,1,0,0,1,0,0,0,2013,10,292,735160,0,0,1,1,0,1,0
649,1,7,2013-10-20,0,0,0,0,0,1,0,0,0,2013,10,293,735161,0,0,1,1,0,1,0
648,1,1,2013-10-21,5055,571,1,1,0,1,0,0,0,2013,10,294,735162,0,0,1,1,0,1,0
647,1,2,2013-10-22,4068,504,1,1,0,1,0,0,0,2013,10,295,735163,0,0,1,1,0,1,0
646,1,3,2013-10-23,4612,505,1,1,0,1,0,0,0,2013,10,296,735164,0,0,1,1,0,1,0
645,1,4,2013-10-24,4044,498,1,1,0,1,0,0,0,2013,10,297,735165,0,0,1,1,0,1,0
644,1,5,2013-10-25,4573,576,1,1,0,1,0,0,0,2013,10,298,735166,0,0,1,1,0,1,0
643,1,6,2013-10-26,4347,535,1,0,0,0,0,0,0,2013,10,299,735167,0,0,1,1,0,1,0
642,1,7,2013-10-27,0,0,0,0,0,0,0,0,0,2013,10,300,735168,0,0,1,1,0,1,0
641,1,1,2013-10-28,3557,494,1,0,0,0,0,0,0,2013,10,301,735169,0,0,1,1,0,1,0
640,1,2,2013-10-29,3737,479,1,0,0,0,0,0,0,2013,10,302,735170,0,0,1,1,0,1,0
639,1,3,2013-10-30,4119,496,1,0,0,0,0,0,0,2013,10,303,735171,0,0,1,1,0,1,0
638,1,4,2013-10-31,4035,514,1,0,0,0,0,0,0,2013,10,304,735172,0,0,1,1,0,1,0
637,1,5,2013-11-01,5471,707,1,0,0,0,0,0,0,2013,11,305,735173,0,0,1,1,0,1,0
636,1,6,2013-11-02,5233,653,1,0,0,0,0,0,0,2013,11,306,735174,0,0,1,1,0,1,0
635,1,7,2013-11-03,0,0,0,0,0,0,0,0,0,2013,11,307,735175,0,0,1,1,0,1,0
634,1,1,2013-11-04,5861,620,1,1,0,0,0,0,0,2013,11,308,735176,0,0,1,1,0,1,0
633,1,2,2013-11-05,5348,628,1,1,0,0,0,0,0,2013,11,309,735177,0,0,1,1,0,1,0
632,1,3,2013-11-06,5572,611,1,1,0,0,0,0,0,2013,11,310,735178,0,0,1,1,0,1,0
631,1,4,2013-11-07,5009,575,1,1,0,0,0,0,0,2013,11,311,735179,0,0,1,1,0,1,0
630,1,5,2013-11-08,5242,583,1,1,0,0,0,0,0,2013,11,312,735180,0,0,1,1,0,1,0
629,1,6,2013-11-09,4681,582,1,0,0,0,0,0,0,2013,11,313,735181,0,0,1,1,0,1,0
628,1,7,2013-11-10,0,0,0,0,0,0,0,0,0,2013,11,314,735182,0,0,1,1,0,1,0
627,1,1,2013-11-11,4014,519,1,0,0,0,0,0,0,2013,11,315,735183,0,0,1,1,0,1,0
626,1,2,2013-11-12,4017,507,1,0,0,0,0,0,0,2013,11,316,735184,0,0,1,1,0,1,0
625,1,3,2013-11-13,3310,464,1,0,0,0,0,0,0,2013,11,317,735185,0,0,1,1,0,1,0
624,1,4,2013-11-14,3795,502,1,0,0,0,0,0,0,2013,11,318,735186,0,0,1,1,0,1,0
623,1,5,2013-11-15,4016,504,1,0,0,0,0,0,0,2013,11,319,735187,0,0,1,1,0,1,0
622,1,6,2013-11-16,5071,616,1,0,0,0,0,0,0,2013,11,320,735188,0,0,1,1,0,1,0
621,1,7,2013-11-17,0,0,0,0,0,0,0,0,0,2013,11,321,735189,0,0,1,1,0,1,0
620,1,1,2013-11-18,5927,681,1,1,0,0,0,0,0,2013,11,322,735190,0,0,1,1,0,1,0
619,1,2,2013-11-19,5143,583,1,1,0,0,0,0,0,2013,11,323,735191,0,0,1,1,0,1,0
618,1,3,2013-11-20,4936,586,1,1,0,0,0,0,0,2013,11,324,735192,0,0,1,1,0,1,0
617,1,4,2013-11-21,4623,545,1,1,0,0,0,0,0,2013,11,325,735193,0,0,1,1,0,1,0
616,1,5,2013-11-22,5058,581,1,1,0,0,0,0,0,2013,11,326,735194,0,0,1,1,0,1,0
615,1,6,2013-11-23,5297,614,1,0,0,0,0,0,0,2013,11,327,735195,0,0,1,1,0,1,0
614,1,7,2013-11-24,0,0,0,0,0,0,0,0,0,2013,11,328,735196,0,0,1,1,0,1,0
613,1,1,2013-11-25,4600,575,1,0,0,0,0,0,0,2013,11,329,735197,0,0,1,1,0,1,0
612,1,2,2013-11-26,4201,524,1,0,0,0,0,0,0,2013,11,330,735198,0,0,1,1,0,1,0
611,1,3,2013-11-27,4561,530,1,0,0,0,0,0,0,2013,11,331,735199,0,0,1,1,0,1,0
610,1,4,2013-11-28,4614,585,1,0,0,0,0,0,0,2013,11,332,735200,0,0,1,1,0,1,0
609,1,5,2013-11-29,5623,665,1,0,0,0,0,0,0,2013,11,333,735201,0,0,1,1,0,1,0
608,1,6,2013-11-30,6373,730,1,0,0,0,0,0,0,2013,11,334,735202,0,0,1,1,0,1,0
607,1,7,2013-12-01,0,0,0,0,0,0,0,0,0,2013,12,335,735203,0,0,1,1,0,1,0
606,1,1,2013-12-02,6943,754,1,1,0,0,0,0,0,2013,12,336,735204,0,0,1,1,0,1,0
605,1,2,2013-12-03,6293,658,1,1,0,0,0,0,0,2013,12,337,735205,0,0,1,1,0,1,0
604,1,3,2013-12-04,5688,627,1,1,0,0,0,0,0,2013,12,338,735206,0,0,1,1,0,1,0
603,1,4,2013-12-05,5691,685,1,1,0,0,0,0,0,2013,12,339,735207,0,0,1,1,0,1,0
602,1,5,2013-12-06,6112,673,1,1,0,0,0,0,0,2013,12,340,735208,0,0,1,1,0,1,0
601,1,6,2013-12-07,5799,723,1,0,0,0,0,0,0,2013,12,341,735209,0,0,1,1,0,1,0
600,1,7,2013-12-08,0,0,0,0,0,0,0,0,0,2013,12,342,735210,0,0,1,1,0,1,0
599,1,1,2013-12-09,4462,576,1,0,0,0,0,0,0,2013,12,343,735211,0,0,1,1,0,1,0
598,1,2,2013-12-10,4228,581,1,0,0,0,0,0,0,2013,12,344,735212,0,0,1,1,0,1,0
597,1,3,2013-12-11,4301,543,1,0,0,0,0,0,0,2013,12,345,735213,0,0,1,1,0,1,0
596,1,4,2013-12-12,4074,558,1,0,0,0,0,0,0,2013,12,346,735214,0,0,1,1,0,1,0
595,1,5,2013-12-13,4703,594,1,0,0,0,0,0,0,2013,12,347,735215,0,0,1,1,0,1,0
594,1,6,2013-12-14,6119,743,1,0,0,0,0,0,0,2013,12,348,735216,0,0,1,1,0,1,0
593,1,7,2013-12-15,0,0,0,0,0,0,0,0,0,2013,12,349,735217,0,0,1,1,0,1,0
592,1,1,2013-12-16,8277,825,1,1,0,0,0,0,0,2013,12,350,735218,0,0,1,1,0,1,0
591,1,2,2013-12-17,7356,808,1,1,0,0,0,0,0,2013,12,351,735219,0,0,1,1,0,1,0
590,1,3,2013-12-18,7821,828,1,1,0,0,0,0,0,2013,12,352,735220,0,0,1,1,0,1,0
589,1,4,2013-12-19,6788,782,1,1,0,0,0,0,0,2013,12,353,735221,0,0,1,1,0,1,0
588,1,5,2013-12-20,8414,895,1,1,0,0,0,0,0,2013,12,354,735222,0,0,1,1,0,1,0
587,1,6,2013-12-21,8043,927,1,0,0,0,0,0,0,2013,12,355,735223,0,0,1,1,0,1,0
586,1,7,2013-12-22,0,0,0,0,0,0,0,0,0,2013,12,356,735224,0,0,1,1,0,1,0
585,1,1,2013-12-23,9528,1130,1,0,0,1,0,0,0,2013,12,357,735225,0,0,1,1,0,1,0
584,1,2,2013-12-24,3204,385,1,0,0,1,0,0,0,2013,12,358,735226,0,0,1,1,0,1,0
583,1,3,2013-12-25,0,0,0,0,c,1,0,0,1,2013,12,359,735227,0,0,1,1,0,1,0
582,1,4,2013-12-26,0,0,0,0,c,1,0,0,1,2013,12,360,735228,0,0,1,1,0,1,0
581,1,5,2013-12-27,6110,737,1,0,0,1,0,0,0,2013,12,361,735229,0,0,1,1,0,1,0
580,1,6,2013-12-28,5659,716,1,0,0,1,0,0,0,2013,12,362,735230,0,0,1,1,0,1,0
579,1,7,2013-12-29,0,0,0,0,0,1,0,0,0,2013,12,363,735231,0,0,1,1,0,1,0
578,1,1,2013-12-30,7193,796,1,0,0,1,0,0,0,2013,12,364,735232,0,0,1,1,0,1,0
577,1,2,2013-12-31,2362,298,1,0,0,1,0,0,0,2013,12,365,735233,0,0,1,1,0,1,0
576,1,3,2014-01-01,0,0,0,0,a,1,1,0,0,2014,1,1,735234,0,0,1,1,0,1,0
575,1,4,2014-01-02,4969,618,1,0,0,1,0,0,0,2014,1,2,735235,0,0,1,1,0,1,0
574,1,5,2014-01-03,4190,552,1,0,0,1,0,0,0,2014,1,3,735236,0,0,1,1,0,1,0
573,1,6,2014-01-04,5173,660,1,0,0,1,0,0,0,2014,1,4,735237,0,0,1,1,0,1,0
572,1,7,2014-01-05,0,0,0,0,0,1,0,0,0,2014,1,5,735238,0,0,1,1,0,1,0
571,1,1,2014-01-06,6194,649,1,1,0,1,0,0,0,2014,1,6,735239,0,0,1,1,0,1,0
570,1,2,2014-01-07,5539,607,1,1,0,1,0,0,0,2014,1,7,735240,0,0,1,1,0,1,0
569,1,3,2014-01-08,4931,589,1,1,0,1,0,0,0,2014,1,8,735241,0,0,1,1,0,1,0
568,1,4,2014-01-09,4396,539,1,1,0,1,0,0,0,2014,1,9,735242,0,0,1,1,0,1,0
567,1,5,2014-01-10,4486,559,1,1,0,1,0,0,0,2014,1,10,735243,0,0,1,1,0,1,0
566,1,6,2014-01-11,4454,569,1,0,0,0,0,0,0,2014,1,11,735244,0,0,1,1,0,1,0
565,1,7,2014-01-12,0,0,0,0,0,0,0,0,0,2014,1,12,735245,0,0,1,1,0,1,0
564,1,1,2014-01-13,3994,545,1,0,0,0,0,0,0,2014,1,13,735246,0,0,1,1,0,1,0
563,1,2,2014-01-14,3621,464,1,0,0,0,0,0,0,2014,1,14,735247,0,0,1,1,0,1,0
562,1,3,2014-01-15,3776,486,1,0,0,0,0,0,0,2014,1,15,735248,0,0,1,1,0,1,0
561,1,4,2014-01-16,3632,477,1,0,0,0,0,0,0,2014,1,16,735249,0,0,1,1,0,1,0
560,1,5,2014-01-17,3803,479,1,0,0,0,0,0,0,2014,1,17,735250,0,0,1,1,0,1,0
559,1,6,2014-01-18,5128,630,1,0,0,0,0,0,0,2014,1,18,735251,0,0,1,1,0,1,0
558,1,7,2014-01-19,0,0,0,0,0,0,0,0,0,2014,1,19,735252,0,0,1,1,0,1,0
557,1,1,2014-01-20,6148,653,1,1,0,0,0,0,0,2014,1,20,735253,0,0,1,1,0,1,0
556,1,2,2014-01-21,5151,551,1,1,0,0,0,0,0,2014,1,21,735254,0,0,1,1,0,1,0
555,1,3,2014-01-22,4562,549,1,1,0,0,0,0,0,2014,1,22,735255,0,0,1,1,0,1,0
554,1,4,2014-01-23,4597,525,1,1,0,0,0,0,0,2014,1,23,735256,0,0,1,1,0,1,0
553,1,5,2014-01-24,5098,587,1,1,0,0,0,0,0,2014,1,24,735257,0,0,1,1,0,1,0
552,1,6,2014-01-25,4546,561,1,0,0,0,0,0,0,2014,1,25,735258,0,0,1,1,0,1,0
551,1,7,2014-01-26,0,0,0,0,0,0,0,0,0,2014,1,26,735259,0,0,1,1,0,1,0
550,1,1,2014-01-27,3601,517,1,0,0,0,0,0,0,2014,1,27,735260,0,0,1,1,0,1,0
549,1,2,2014-01-28,3581,453,1,0,0,0,0,0,0,2014,1,28,735261,0,0,1,1,0,1,0
548,1,3,2014-01-29,3789,491,1,0,0,0,0,0,0,2014,1,29,735262,0,0,1,1,0,1,0
547,1,4,2014-01-30,4549,543,1,0,0,0,0,0,0,2014,1,30,735263,0,0,1,1,0,1,0
546,1,5,2014-01-31,4906,589,1,0,0,0,0,0,0,2014,1,31,735264,0,0,1,1,0,1,0
545,1,6,2014-02-01,5292,667,1,0,0,0,0,0,0,2014,2,32,735265,0,0,1,1,0,1,0
544,1,7,2014-02-02,0,0,0,0,0,0,0,0,0,2014,2,33,735266,0,0,1,1,0,1,0
543,1,1,2014-02-03,5839,638,1,1,0,0,0,0,0,2014,2,34,735267,0,0,1,1,0,1,0
542,1,2,2014-02-04,5540,602,1,1,0,0,0,0,0,2014,2,35,735268,0,0,1,1,0,1,0
541,1,3,2014-02-05,5031,581,1,1,0,0,0,0,0,2014,2,36,735269,0,0,1,1,0,1,0
540,1,4,2014-02-06,4823,557,1,1,0,0,0,0,0,2014,2,37,735270,0,0,1,1,0,1,0
539,1,5,2014-02-07,5596,636,1,1,0,0,0,0,0,2014,2,38,735271,0,0,1,1,0,1,0
538,1,6,2014-02-08,4726,620,1,0,0,0,0,0,0,2014,2,39,735272,0,0,1,1,0,1,0
537,1,7,2014-02-09,0,0,0,0,0,0,0,0,0,2014,2,40,735273,0,0,1,1,0,1,0
536,1,1,2014-02-10,3591,502,1,0,0,0,0,0,0,2014,2,41,735274,0,0,1,1,0,1,0
535,1,2,2014-02-11,3461,481,1,0,0,0,0,0,0,2014,2,42,735275,0,0,1,1,0,1,0
534,1,3,2014-02-12,3662,508,1,0,0,0,0,0,0,2014,2,43,735276,0,0,1,1,0,1,0
533,1,4,2014-02-13,3638,517,1,0,0,0,0,0,0,2014,2,44,735277,0,0,1,1,0,1,0
532,1,5,2014-02-14,4647,591,1,0,0,0,0,0,0,2014,2,45,735278,0,0,1,1,0,1,0
531,1,6,2014-02-15,5258,655,1,0,0,0,0,0,0,2014,2,46,735279,0,0,1,1,0,1,0
530,1,7,2014-02-16,0,0,0,0,0,0,0,0,0,2014,2,47,735280,0,0,1,1,0,1,0
529,1,1,2014-02-17,5393,606,1,1,0,0,0,0,0,2014,2,48,735281,0,0,1,1,0,1,0
528,1,2,2014-02-18,4602,556,1,1,0,0,0,0,0,2014,2,49,735282,0,0,1,1,0,1,0
527,1,3,2014-02-19,4935,547,1,1,0,0,0,0,0,2014,2,50,735283,0,0,1,1,0,1,0
526,1,4,2014-02-20,4563,559,1,1,0,0,0,0,0,2014,2,51,735284,0,0,1,1,0,1,0
525,1,5,2014-02-21,4727,550,1,1,0,0,0,0,0,2014,2,52,735285,0,0,1,1,0,1,0
524,1,6,2014-02-22,4820,623,1,0,0,0,0,0,0,2014,2,53,735286,0,0,1,1,0,1,0
523,1,7,2014-02-23,0,0,0,0,0,0,0,0,0,2014,2,54,735287,0,0,1,1,0,1,0
522,1,1,2014-02-24,3826,481,1,0,0,0,0,0,0,2014,2,55,735288,0,0,1,1,0,1,0
521,1,2,2014-02-25,3499,470,1,0,0,0,0,0,0,2014,2,56,735289,0,0,1,1,0,1,0
520,1,3,2014-02-26,4108,491,1,0,0,0,0,0,0,2014,2,57,735290,0,0,1,1,0,1,0
519,1,4,2014-02-27,3826,519,1,0,0,0,0,0,0,2014,2,58,735291,0,0,1,1,0,1,0
518,1,5,2014-02-28,5031,603,1,0,0,0,0,0,0,2014,2,59,735292,0,0,1,1,0,1,0
517,1,6,2014-03-01,5307,655,1,0,0,0,0,0,0,2014,3,60,735293,0,0,1,1,0,1,0
516,1,7,2014-03-02,0,0,0,0,0,0,0,0,0,2014,3,61,735294,0,0,1,1,0,1,0
515,1,1,2014-03-03,6198,616,1,1,0,0,0,0,0,2014,3,62,735295,0,0,1,1,0,1,0
514,1,2,2014-03-04,5397,619,1,1,0,0,0,0,0,2014,3,63,735296,0,0,1,1,0,1,0
513,1,3,2014-03-05,4916,592,1,1,0,0,0,0,0,2014,3,64,735297,0,0,1,1,0,1,0
512,1,4,2014-03-06,4585,542,1,1,0,0,0,0,0,2014,3,65,735298,0,0,1,1,0,1,0
511,1,5,2014-03-07,5340,588,1,1,0,0,0,0,0,2014,3,66,735299,0,0,1,1,0,1,0
510,1,6,2014-03-08,4400,550,1,0,0,0,0,0,0,2014,3,67,735300,0,0,1,1,0,1,0
509,1,7,2014-03-09,0,0,0,0,0,0,0,0,0,2014,3,68,735301,0,0,1,1,0,1,0
508,1,1,2014-03-10,3573,469,1,0,0,0,0,0,0,2014,3,69,735302,0,0,1,1,0,1,0
507,1,2,2014-03-11,3588,476,1,0,0,0,0,0,0,2014,3,70,735303,0,0,1,1,0,1,0
506,1,3,2014-03-12,3805,499,1,0,0,0,0,0,0,2014,3,71,735304,0,0,1,1,0,1,0
505,1,4,2014-03-13,3224,450,1,0,0,0,0,0,0,2014,3,72,735305,0,0,1,1,0,1,0
504,1,5,2014-03-14,3883,502,1,0,0,0,0,0,0,2014,3,73,735306,0,0,1,1,0,1,0
503,1,6,2014-03-15,5042,630,1,0,0,0,0,0,0,2014,3,74,735307,0,0,1,1,0,1,0
502,1,7,2014-03-16,0,0,0,0,0,0,0,0,0,2014,3,75,735308,0,0,1,1,0,1,0
501,1,1,2014-03-17,5563,628,1,1,0,0,0,0,0,2014,3,76,735309,0,0,1,1,0,1,0
500,1,2,2014-03-18,5200,635,1,1,0,0,0,0,0,2014,3,77,735310,0,0,1,1,0,1,0
499,1,3,2014-03-19,4036,496,1,1,0,0,0,0,0,2014,3,78,735311,0,0,1,1,0,1,0
498,1,4,2014-03-20,4023,485,1,1,0,0,0,0,0,2014,3,79,735312,0,0,1,1,0,1,0
497,1,5,2014-03-21,4510,542,1,1,0,0,0,0,0,2014,3,80,735313,0,0,1,1,0,1,0
496,1,6,2014-03-22,5241,628,1,0,0,0,0,0,0,2014,3,81,735314,0,0,1,1,0,1,0
495,1,7,2014-03-23,0,0,0,0,0,0,0,0,0,2014,3,82,735315,0,0,1,1,0,1,0
494,1,1,2014-03-24,3850,511,1,0,0,0,0,0,0,2014,3,83,735316,0,0,1,1,0,1,0
493,1,2,2014-03-25,3136,448,1,0,0,0,0,0,0,2014,3,84,735317,0,0,1,1,0,1,0
492,1,3,2014-03-26,3225,443,1,0,0,0,0,0,0,2014,3,85,735318,0,0,1,1,0,1,0
491,1,4,2014-03-27,3847,512,1,0,0,0,0,0,0,2014,3,86,735319,0,0,1,1,0,1,0
490,1,5,2014-03-28,3987,471,1,0,0,0,0,0,0,2014,3,87,735320,0,0,1,1,0,1,0
489,1,6,2014-03-29,4583,548,1,0,0,0,0,0,0,2014,3,88,735321,0,0,1,1,0,1,0
488,1,7,2014-03-30,0,0,0,0,0,0,0,0,0,2014,3,89,735322,0,0,1,1,0,1,0
487,1,1,2014-03-31,6008,640,1,1,0,0,0,0,0,2014,3,90,735323,0,0,1,1,0,1,0
486,1,2,2014-04-01,5407,583,1,1,0,0,0,0,0,2014,4,91,735324,0,0,1,1,0,1,0
485,1,3,2014-04-02,4834,539,1,1,0,0,0,0,0,2014,4,92,735325,0,0,1,1,0,1,0
484,1,4,2014-04-03,4556,526,1,1,0,0,0,0,0,2014,4,93,735326,0,0,1,1,0,1,0
483,1,5,2014-04-04,4738,552,1,1,0,0,0,0,0,2014,4,94,735327,0,0,1,1,0,1,0
482,1,6,2014-04-05,4599,571,1,0,0,0,0,0,0,2014,4,95,735328,0,0,1,1,0,1,0
481,1,7,2014-04-06,0,0,0,0,0,0,0,0,0,2014,4,96,735329,0,0,1,1,0,1,0
480,1,1,2014-04-07,3751,497,1,0,0,0,0,0,0,2014,4,97,735330,0,0,1,1,0,1,0
479,1,2,2014-04-08,3990,496,1,0,0,0,0,0,0,2014,4,98,735331,0,0,1,1,0,1,0
478,1,3,2014-04-09,3919,528,1,0,0,0,0,0,0,2014,4,99,735332,0,0,1,1,0,1,0
477,1,4,2014-04-10,3948,501,1,0,0,0,0,0,0,2014,4,100,735333,0,0,1,1,0,1,0
476,1,5,2014-04-11,3733,507,1,0,0,0,0,0,0,2014,4,101,735334,0,0,1,1,0,1,0
475,1,6,2014-04-12,4435,570,1,0,0,0,0,0,0,2014,4,102,735335,0,0,1,1,0,1,0
474,1,7,2014-04-13,0,0,0,0,0,0,0,0,0,2014,4,103,735336,0,0,1,1,0,1,0
473,1,1,2014-04-14,6803,693,1,1,0,1,0,0,0,2014,4,104,735337,0,0,1,1,0,1,0
472,1,2,2014-04-15,6196,672,1,1,0,1,0,0,0,2014,4,105,735338,0,0,1,1,0,1,0
471,1,3,2014-04-16,6381,662,1,1,0,1,0,0,0,2014,4,106,735339,0,0,1,1,0,1,0
470,1,4,2014-04-17,6160,703,1,1,0,1,0,0,0,2014,4,107,735340,0,0,1,1,0,1,0
469,1,5,2014-04-18,0,0,0,1,b,1,0,1,0,2014,4,108,735341,0,0,1,1,0,1,0
468,1,6,2014-04-19,5871,642,1,0,0,1,0,0,0,2014,4,109,735342,0,0,1,1,0,1,0
467,1,7,2014-04-20,0,0,0,0,0,1,0,0,0,2014,4,110,735343,0,0,1,1,0,1,0
466,1,1,2014-04-21,0,0,0,0,b,1,0,1,0,2014,4,111,735344,0,0,1,1,0,1,0
465,1,2,2014-04-22,4133,563,1,0,0,1,0,0,0,2014,4,112,735345,0,0,1,1,0,1,0
464,1,3,2014-04-23,3482,434,1,0,0,1,0,0,0,2014,4,113,735346,0,0,1,1,0,1,0
463,1,4,2014-04-24,3376,461,1,0,0,1,0,0,0,2014,4,114,735347,0,0,1,1,0,1,0
462,1,5,2014-04-25,3710,468,1,0,0,1,0,0,0,2014,4,115,735348,0,0,1,1,0,1,0
461,1,6,2014-04-26,3989,535,1,0,0,0,0,0,0,2014,4,116,735349,0,0,1,1,0,1,0
460,1,7,2014-04-27,0,0,0,0,0,0,0,0,0,2014,4,117,735350,0,0,1,1,0,1,0
459,1,1,2014-04-28,5488,607,1,1,0,0,0,0,0,2014,4,118,735351,0,0,1,1,0,1,0
458,1,2,2014-04-29,5923,628,1,1,0,0,0,0,0,2014,4,119,735352,0,0,1,1,0,1,0
457,1,3,2014-04-30,5870,624,1,1,0,0,0,0,0,2014,4,120,735353,0,0,1,1,0,1,0
456,1,4,2014-05-01,0,0,0,1,a,0,1,0,0,2014,5,121,735354,0,0,1,1,0,1,0
455,1,5,2014-05-02,6790,732,1,1,0,0,0,0,0,2014,5,122,735355,0,0,1,1,0,1,0
454,1,6,2014-05-03,5498,633,1,0,0,0,0,0,0,2014,5,123,735356,0,0,1,1,0,1,0
453,1,7,2014-05-04,0,0,0,0,0,0,0,0,0,2014,5,124,735357,0,0,1,1,0,1,0
452,1,1,2014-05-05,5325,615,1,1,0,0,0,0,0,2014,5,125,735358,0,0,1,1,0,1,0
451,1,2,2014-05-06,5055,585,1,1,0,0,0,0,0,2014,5,126,735359,0,0,1,1,0,1,0
450,1,3,2014-05-07,5075,604,1,1,0,0,0,0,0,2014,5,127,735360,0,0,1,1,0,1,0
449,1,4,2014-05-08,5222,614,1,1,0,0,0,0,0,2014,5,128,735361,0,0,1,1,0,1,0
448,1,5,2014-05-09,5237,622,1,1,0,0,0,0,0,2014,5,129,735362,0,0,1,1,0,1,0
447,1,6,2014-05-10,5996,710,1,0,0,0,0,0,0,2014,5,130,735363,0,0,1,1,0,1,0
446,1,7,2014-05-11,0,0,0,0,0,0,0,0,0,2014,5,131,735364,0,0,1,1,0,1,0
445,1,1,2014-05-12,3957,555,1,0,0,0,0,0,0,2014,5,132,735365,0,0,1,1,0,1,0
444,1,2,2014-05-13,3535,449,1,0,0,0,0,0,0,2014,5,133,735366,0,0,1,1,0,1,0
443,1,3,2014-05-14,3710,474,1,0,0,0,0,0,0,2014,5,134,735367,0,0,1,1,0,1,0
442,1,4,2014-05-15,3589,491,1,0,0,0,0,0,0,2014,5,135,735368,0,0,1,1,0,1,0
441,1,5,2014-05-16,3863,479,1,0,0,0,0,0,0,2014,5,136,735369,0,0,1,1,0,1,0
440,1,6,2014-05-17,3785,512,1,0,0,0,0,0,0,2014,5,137,735370,0,0,1,1,0,1,0
439,1,7,2014-05-18,0,0,0,0,0,0,0,0,0,2014,5,138,735371,0,0,1,1,0,1,0
438,1,1,2014-05-19,5637,608,1,1,0,0,0,0,0,2014,5,139,735372,0,0,1,1,0,1,0
437,1,2,2014-05-20,4909,549,1,1,0,0,0,0,0,2014,5,140,735373,0,0,1,1,0,1,0
436,1,3,2014-05-21,4298,510,1,1,0,0,0,0,0,2014,5,141,735374,0,0,1,1,0,1,0
435,1,4,2014-05-22,3801,481,1,1,0,0,0,0,0,2014,5,142,735375,0,0,1,1,0,1,0
434,1,5,2014-05-23,4968,526,1,1,0,0,0,0,0,2014,5,143,735376,0,0,1,1,0,1,0
433,1,6,2014-05-24,4574,516,1,0,0,0,0,0,0,2014,5,144,735377,0,0,1,1,0,1,0
432,1,7,2014-05-25,0,0,0,0,0,0,0,0,0,2014,5,145,735378,0,0,1,1,0,1,0
431,1,1,2014-05-26,3912,494,1,0,0,0,0,0,0,2014,5,146,735379,0,0,1,1,0,1,0
430,1,2,2014-05-27,3971,511,1,0,0,0,0,0,0,2014,5,147,735380,0,0,1,1,0,1,0
429,1,3,2014-05-28,4616,581,1,0,0,0,0,0,0,2014,5,148,735381,0,0,1,1,0,1,0
428,1,4,2014-05-29,0,0,0,0,a,0,1,0,0,2014,5,149,735382,0,0,1,1,0,1,0
427,1,5,2014-05-30,5407,628,1,0,0,0,0,0,0,2014,5,150,735383,0,0,1,1,0,1,0
426,1,6,2014-05-31,4985,560,1,0,0,0,0,0,0,2014,5,151,735384,0,0,1,1,0,1,0
425,1,7,2014-06-01,0,0,0,0,0,0,0,0,0,2014,6,152,735385,0,0,1,1,0,1,0
424,1,1,2014-06-02,6071,609,1,1,0,0,0,0,0,2014,6,153,735386,0,0,1,1,0,1,0
423,1,2,2014-06-03,5614,593,1,1,0,0,0,0,0,2014,6,154,735387,0,0,1,1,0,1,0
422,1,3,2014-06-04,5229,570,1,1,0,0,0,0,0,2014,6,155,735388,0,0,1,1,0,1,0
421,1,4,2014-06-05,5278,585,1,1,0,0,0,0,0,2014,6,156,735389,0,0,1,1,0,1,0
420,1,5,2014-06-06,4957,575,1,1,0,0,0,0,0,2014,6,157,735390,0,0,1,1,0,1,0
419,1,6,2014-06-07,4923,555,1,0,0,0,0,0,0,2014,6,158,735391,0,0,1,1,0,1,0
418,1,7,2014-06-08,0,0,0,0,0,0,0,0,0,2014,6,159,735392,0,0,1,1,0,1,0
417,1,1,2014-06-09,0,0,0,0,a,0,1,0,0,2014,6,160,735393,0,0,1,1,0,1,0
416,1,2,2014-06-10,4607,560,1,0,0,0,0,0,0,2014,6,161,735394,0,0,1,1,0,1,0
415,1,3,2014-06-11,4207,535,1,0,0,0,0,0,0,2014,6,162,735395,0,0,1,1,0,1,0
414,1,4,2014-06-12,3702,489,1,0,0,0,0,0,0,2014,6,163,735396,0,0,1,1,0,1,0
413,1,5,2014-06-13,3901,498,1,0,0,0,0,0,0,2014,6,164,735397,0,0,1,1,0,1,0
412,1,6,2014-06-14,4757,562,1,0,0,0,0,0,0,2014,6,165,735398,0,0,1,1,0,1,0
411,1,7,2014-06-15,0,0,0,0,0,0,0,0,0,2014,6,166,735399,0,0,1,1,0,1,0
410,1,1,2014-06-16,4788,529,1,1,0,0,0,0,0,2014,6,167,735400,0,0,1,1,0,1,0
409,1,2,2014-06-17,5770,594,1,1,0,0,0,0,0,2014,6,168,735401,0,0,1,1,0,1,0
408,1,3,2014-06-18,5256,567,1,1,0,0,0,0,0,2014,6,169,735402,0,0,1,1,0,1,0
407,1,4,2014-06-19,0,0,0,1,a,0,1,0,0,2014,6,170,735403,0,0,1,1,0,1,0
406,1,5,2014-06-20,6362,709,1,1,0,0,0,0,0,2014,6,171,735404,0,0,1,1,0,1,0
405,1,6,2014-06-21,3982,496,1,0,0,0,0,0,0,2014,6,172,735405,0,0,1,1,0,1,0
404,1,7,2014-06-22,0,0,0,0,0,0,0,0,0,2014,6,173,735406,0,0,1,1,0,1,0
403,1,1,2014-06-23,3755,456,1,0,0,0,0,0,0,2014,6,174,735407,0,0,1,1,0,1,0
402,1,2,2014-06-24,3351,444,1,0,0,0,0,0,0,2014,6,175,735408,0,0,1,1,0,1,0
401,1,3,2014-06-25,3727,440,1,0,0,0,0,0,0,2014,6,176,735409,0,0,1,1,0,1,0
400,1,4,2014-06-26,2749,368,1,0,0,0,0,0,0,2014,6,177,735410,0,0,1,1,0,1,0
399,1,5,2014-06-27,4019,501,1,0,0,0,0,0,0,2014,6,178,735411,0,0,1,1,0,1,0
398,1,6,2014-06-28,5162,566,1,0,0,0,0,0,0,2014,6,179,735412,0,0,1,1,0,1,0
397,1,7,2014-06-29,0,0,0,0,0,0,0,0,0,2014,6,180,735413,0,0,1,1,0,1,0
396,1,1,2014-06-30,5738,641,1,1,0,0,0,0,0,2014,6,181,735414,0,0,1,1,0,1,0
395,1,2,2014-07-01,5138,533,1,1,0,0,0,0,0,2014,7,182,735415,0,0,1,1,0,1,0
394,1,3,2014-07-02,5161,560,1,1,0,0,0,0,0,2014,7,183,735416,0,0,1,1,0,1,0
393,1,4,2014-07-03,4756,514,1,1,0,0,0,0,0,2014,7,184,735417,0,0,1,1,0,1,0
392,1,5,2014-07-04,4025,450,1,1,0,0,0,0,0,2014,7,185,735418,0,0,1,1,0,1,0
391,1,6,2014-07-05,5176,589,1,0,0,0,0,0,0,2014,7,186,735419,0,0,1,1,0,1,0
390,1,7,2014-07-06,0,0,0,0,0,0,0,0,0,2014,7,187,735420,0,0,1,1,0,1,0
389,1,1,2014-07-07,4223,505,1,0,0,0,0,0,0,2014,7,188,735421,0,0,1,1,0,1,0
388,1,2,2014-07-08,4081,510,1,0,0,0,0,0,0,2014,7,189,735422,0,0,1,1,0,1,0
387,1,3,2014-07-09,3547,485,1,0,0,0,0,0,0,2014,7,190,735423,0,0,1,1,0,1,0
386,1,4,2014-07-10,3741,472,1,0,0,0,0,0,0,2014,7,191,735424,0,0,1,1,0,1,0
385,1,5,2014-07-11,4020,463,1,0,0,0,0,0,0,2014,7,192,735425,0,0,1,1,0,1,0
384,1,6,2014-07-12,4409,531,1,0,0,0,0,0,0,2014,7,193,735426,0,0,1,1,0,1,0
383,1,7,2014-07-13,0,0,0,0,0,0,0,0,0,2014,7,194,735427,0,0,1,1,0,1,0
382,1,1,2014-07-14,5083,532,1,1,0,0,0,0,0,2014,7,195,735428,0,0,1,1,0,1,0
381,1,2,2014-07-15,5298,538,1,1,0,0,0,0,0,2014,7,196,735429,0,0,1,1,0,1,0
380,1,3,2014-07-16,5424,566,1,1,0,0,0,0,0,2014,7,197,735430,0,0,1,1,0,1,0
379,1,4,2014-07-17,4685,525,1,1,0,0,0,0,0,2014,7,198,735431,0,0,1,1,0,1,0
378,1,5,2014-07-18,4609,506,1,1,0,0,0,0,0,2014,7,199,735432,0,0,1,1,0,1,0
377,1,6,2014-07-19,4084,477,1,0,0,0,0,0,0,2014,7,200,735433,0,0,1,1,0,1,0
376,1,7,2014-07-20,0,0,0,0,0,0,0,0,0,2014,7,201,735434,0,0,1,1,0,1,0
375,1,1,2014-07-21,4507,528,1,0,0,0,0,0,0,2014,7,202,735435,0,0,1,1,0,1,0
374,1,2,2014-07-22,3933,495,1,0,0,0,0,0,0,2014,7,203,735436,0,0,1,1,0,1,0
373,1,3,2014-07-23,3806,476,1,0,0,0,0,0,0,2014,7,204,735437,0,0,1,1,0,1,0
372,1,4,2014-07-24,3557,494,1,0,0,0,0,0,0,2014,7,205,735438,0,0,1,1,0,1,0
371,1,5,2014-07-25,3858,461,1,0,0,0,0,0,0,2014,7,206,735439,0,0,1,1,0,1,0
370,1,6,2014-07-26,4266,488,1,0,0,0,0,0,0,2014,7,207,735440,0,0,1,1,0,1,0
369,1,7,2014-07-27,0,0,0,0,0,0,0,0,0,2014,7,208,735441,0,0,1,1,0,1,0
368,1,1,2014-07-28,5372,584,1,1,0,1,0,0,0,2014,7,209,735442,0,0,1,1,0,1,0
367,1,2,2014-07-29,5252,591,1,1,0,1,0,0,0,2014,7,210,735443,0,0,1,1,0,1,0
366,1,3,2014-07-30,5487,587,1,1,0,1,0,0,0,2014,7,211,735444,0,0,1,1,0,1,0
365,1,4,2014-07-31,5106,575,1,1,0,0,0,0,0,2014,7,212,735445,0,0,1,1,0,1,0
364,1,5,2014-08-01,5038,572,1,1,0,1,0,0,0,2014,8,213,735446,0,0,1,1,0,1,0
363,1,6,2014-08-02,4731,555,1,0,0,1,0,0,0,2014,8,214,735447,0,0,1,1,0,1,0
362,1,7,2014-08-03,0,0,0,0,0,1,0,0,0,2014,8,215,735448,0,0,1,1,0,1,0
361,1,1,2014-08-04,5655,592,1,1,0,1,0,0,0,2014,8,216,735449,0,0,1,1,0,1,0
360,1,2,2014-08-05,5433,620,1,1,0,1,0,0,0,2014,8,217,735450,0,0,1,1,0,1,0
359,1,3,2014-08-06,5337,575,1,1,0,1,0,0,0,2014,8,218,735451,0,0,1,1,0,1,0
358,1,4,2014-08-07,4154,480,1,1,0,1,0,0,0,2014,8,219,735452,0,0,1,1,0,1,0
357,1,5,2014-08-08,4451,503,1,1,0,1,0,0,0,2014,8,220,735453,0,0,1,1,0,1,0
356,1,6,2014-08-09,4174,504,1,0,0,1,0,0,0,2014,8,221,735454,0,0,1,1,0,1,0
355,1,7,2014-08-10,0,0,0,0,0,1,0,0,0,2014,8,222,735455,0,0,1,1,0,1,0
354,1,1,2014-08-11,3886,505,1,0,0,1,0,0,0,2014,8,223,735456,0,0,1,1,0,1,0
353,1,2,2014-08-12,3185,421,1,0,0,1,0,0,0,2014,8,224,735457,0,0,1,1,0,1,0
352,1,3,2014-08-13,4069,496,1,0,0,1,0,0,0,2014,8,225,735458,0,0,1,1,0,1,0
351,1,4,2014-08-14,3906,481,1,0,0,1,0,0,0,2014,8,226,735459,0,0,1,1,0,1,0
350,1,5,2014-08-15,3746,479,1,0,0,1,0,0,0,2014,8,227,735460,0,0,1,1,0,1,0
349,1,6,2014-08-16,4425,544,1,0,0,1,0,0,0,2014,8,228,735461,0,0,1,1,0,1,0
348,1,7,2014-08-17,0,0,0,0,0,1,0,0,0,2014,8,229,735462,0,0,1,1,0,1,0
347,1,1,2014-08-18,5623,598,1,1,0,1,0,0,0,2014,8,230,735463,0,0,1,1,0,1,0
346,1,2,2014-08-19,5190,528,1,1,0,1,0,0,0,2014,8,231,735464,0,0,1,1,0,1,0
345,1,3,2014-08-20,4280,467,1,1,0,1,0,0,0,2014,8,232,735465,0,0,1,1,0,1,0
344,1,4,2014-08-21,4327,484,1,1,0,1,0,0,0,2014,8,233,735466,0,0,1,1,0,1,0
343,1,5,2014-08-22,3971,461,1,1,0,1,0,0,0,2014,8,234,735467,0,0,1,1,0,1,0
342,1,6,2014-08-23,3582,469,1,0,0,1,0,0,0,2014,8,235,735468,0,0,1,1,0,1,0
341,1,7,2014-08-24,0,0,0,0,0,1,0,0,0,2014,8,236,735469,0,0,1,1,0,1,0
340,1,1,2014-08-25,3414,449,1,0,0,1,0,0,0,2014,8,237,735470,0,0,1,1,0,1,0
339,1,2,2014-08-26,3396,460,1,0,0,1,0,0,0,2014,8,238,735471,0,0,1,1,0,1,0
338,1,3,2014-08-27,3148,421,1,0,0,1,0,0,0,2014,8,239,735472,0,0,1,1,0,1,0
337,1,4,2014-08-28,3920,467,1,0,0,1,0,0,0,2014,8,240,735473,0,0,1,1,0,1,0
336,1,5,2014-08-29,3869,439,1,0,0,1,0,0,0,2014,8,241,735474,0,0,1,1,0,1,0
335,1,6,2014-08-30,4094,518,1,0,0,1,0,0,0,2014,8,242,735475,0,0,1,1,0,1,0
334,1,7,2014-08-31,0,0,0,0,0,1,0,0,0,2014,8,243,735476,0,0,1,1,0,1,0
333,1,1,2014-09-01,5464,561,1,1,0,1,0,0,0,2014,9,244,735477,0,0,1,1,0,1,0
332,1,2,2014-09-02,5008,564,1,1,0,1,0,0,0,2014,9,245,735478,0,0,1,1,0,1,0
331,1,3,2014-09-03,4978,539,1,1,0,1,0,0,0,2014,9,246,735479,0,0,1,1,0,1,0
330,1,4,2014-09-04,4346,507,1,1,0,1,0,0,0,2014,9,247,735480,0,0,1,1,0,1,0
329,1,5,2014-09-05,4706,553,1,1,0,1,0,0,0,2014,9,248,735481,0,0,1,1,0,1,0
328,1,6,2014-09-06,3959,515,1,0,0,0,0,0,0,2014,9,249,735482,0,0,1,1,0,1,0
327,1,7,2014-09-07,0,0,0,0,0,0,0,0,0,2014,9,250,735483,0,0,1,1,0,1,0
326,1,1,2014-09-08,3676,530,1,0,0,0,0,0,0,2014,9,251,735484,0,0,1,1,0,1,0
325,1,2,2014-09-09,3377,439,1,0,0,0,0,0,0,2014,9,252,735485,0,0,1,1,0,1,0
324,1,3,2014-09-10,3275,448,1,0,0,0,0,0,0,2014,9,253,735486,0,0,1,1,0,1,0
323,1,4,2014-09-11,3392,437,1,0,0,0,0,0,0,2014,9,254,735487,0,0,1,1,0,1,0
322,1,5,2014-09-12,3906,501,1,0,0,0,0,0,0,2014,9,255,735488,0,0,1,1,0,1,0
321,1,6,2014-09-13,4270,508,1,0,0,0,0,0,0,2014,9,256,735489,0,0,1,1,0,1,0
320,1,7,2014-09-14,0,0,0,0,0,0,0,0,0,2014,9,257,735490,0,0,1,1,0,1,0
319,1,1,2014-09-15,4611,545,1,1,0,0,0,0,0,2014,9,258,735491,0,0,1,1,0,1,0
318,1,2,2014-09-16,4381,511,1,1,0,0,0,0,0,2014,9,259,735492,0,0,1,1,0,1,0
317,1,3,2014-09-17,4383,490,1,1,0,0,0,0,0,2014,9,260,735493,0,0,1,1,0,1,0
316,1,4,2014-09-18,3740,447,1,1,0,0,0,0,0,2014,9,261,735494,0,0,1,1,0,1,0
315,1,5,2014-09-19,4128,485,1,1,0,0,0,0,0,2014,9,262,735495,0,0,1,1,0,1,0
314,1,6,2014-09-20,3911,500,1,0,0,0,0,0,0,2014,9,263,735496,0,0,1,1,0,1,0
313,1,7,2014-09-21,0,0,0,0,0,0,0,0,0,2014,9,264,735497,0,0,1,1,0,1,0
312,1,1,2014-09-22,3982,466,1,0,0,0,0,0,0,2014,9,265,735498,0,0,1,1,0,1,0
311,1,2,2014-09-23,3407,437,1,0,0,0,0,0,0,2014,9,266,735499,0,0,1,1,0,1,0
310,1,3,2014-09-24,3405,465,1,0,0,0,0,0,0,2014,9,267,735500,0,0,1,1,0,1,0
309,1,4,2014-09-25,2462,378,1,0,0,0,0,0,0,2014,9,268,735501,0,0,1,1,0,1,0
308,1,5,2014-09-26,3518,442,1,0,0,0,0,0,0,2014,9,269,735502,0,0,1,1,0,1,0
307,1,6,2014-09-27,3914,464,1,0,0,0,0,0,0,2014,9,270,735503,0,0,1,1,0,1,0
306,1,7,2014-09-28,0,0,0,0,0,0,0,0,0,2014,9,271,735504,0,0,1,1,0,1,0
305,1,1,2014-09-29,5280,566,1,1,0,0,0,0,0,2014,9,272,735505,0,0,1,1,0,1,0
304,1,2,2014-09-30,4919,550,1,1,0,0,0,0,0,2014,9,273,735506,0,0,1,1,0,1,0
303,1,3,2014-10-01,4712,554,1,1,0,0,0,0,0,2014,10,274,735507,0,0,1,1,0,1,0
302,1,4,2014-10-02,5400,601,1,1,0,0,0,0,0,2014,10,275,735508,0,0,1,1,0,1,0
301,1,5,2014-10-03,0,0,0,1,a,0,1,0,0,2014,10,276,735509,0,0,1,1,0,1,0
300,1,6,2014-10-04,5355,621,1,0,0,0,0,0,0,2014,10,277,735510,0,0,1,1,0,1,0
299,1,7,2014-10-05,0,0,0,0,0,0,0,0,0,2014,10,278,735511,0,0,1,1,0,1,0
298,1,1,2014-10-06,5402,608,1,1,0,0,0,0,0,2014,10,279,735512,0,0,1,1,0,1,0
297,1,2,2014-10-07,5439,556,1,1,0,0,0,0,0,2014,10,280,735513,0,0,1,1,0,1,0
296,1,3,2014-10-08,4944,518,1,1,0,0,0,0,0,2014,10,281,735514,0,0,1,1,0,1,0
295,1,4,2014-10-09,4654,527,1,1,0,0,0,0,0,2014,10,282,735515,0,0,1,1,0,1,0
294,1,5,2014-10-10,4396,539,1,1,0,0,0,0,0,2014,10,283,735516,0,0,1,1,0,1,0
293,1,6,2014-10-11,4743,557,1,0,0,0,0,0,0,2014,10,284,735517,0,0,1,1,0,1,0
292,1,7,2014-10-12,0,0,0,0,0,0,0,0,0,2014,10,285,735518,0,0,1,1,0,1,0
291,1,1,2014-10-13,4033,492,1,0,0,0,0,0,0,2014,10,286,735519,0,0,1,1,0,1,0
290,1,2,2014-10-14,3681,476,1,0,0,0,0,0,0,2014,10,287,735520,0,0,1,1,0,1,0
289,1,3,2014-10-15,3775,451,1,0,0,0,0,0,0,2014,10,288,735521,0,0,1,1,0,1,0
288,1,4,2014-10-16,3430,436,1,0,0,0,0,0,0,2014,10,289,735522,0,0,1,1,0,1,0
287,1,5,2014-10-17,3720,500,1,0,0,0,0,0,0,2014,10,290,735523,0,0,1,1,0,1,0
286,1,6,2014-10-18,4169,497,1,0,0,0,0,0,0,2014,10,291,735524,0,0,1,1,0,1,0
285,1,7,2014-10-19,0,0,0,0,0,0,0,0,0,2014,10,292,735525,0,0,1,1,0,1,0
284,1,1,2014-10-20,4652,560,1,1,0,1,0,0,0,2014,10,293,735526,0,0,1,1,0,1,0
283,1,2,2014-10-21,4678,547,1,1,0,1,0,0,0,2014,10,294,735527,0,0,1,1,0,1,0
282,1,3,2014-10-22,4868,566,1,1,0,1,0,0,0,2014,10,295,735528,0,0,1,1,0,1,0
281,1,4,2014-10-23,4466,476,1,1,0,1,0,0,0,2014,10,296,735529,0,0,1,1,0,1,0
280,1,5,2014-10-24,4196,495,1,1,0,1,0,0,0,2014,10,297,735530,0,0,1,1,0,1,0
279,1,6,2014-10-25,4596,539,1,0,0,1,0,0,0,2014,10,298,735531,0,0,1,1,0,1,0
278,1,7,2014-10-26,0,0,0,0,0,1,0,0,0,2014,10,299,735532,0,0,1,1,0,1,0
277,1,1,2014-10-27,4260,475,1,0,0,1,0,0,0,2014,10,300,735533,0,0,1,1,0,1,0
276,1,2,2014-10-28,3364,439,1,0,0,1,0,0,0,2014,10,301,735534,0,0,1,1,0,1,0
275,1,3,2014-10-29,3761,449,1,0,0,1,0,0,0,2014,10,302,735535,0,0,1,1,0,1,0
274,1,4,2014-10-30,4042,492,1,0,0,1,0,0,0,2014,10,303,735536,0,0,1,1,0,1,0
273,1,5,2014-10-31,4161,512,1,0,0,1,0,0,0,2014,10,304,735537,0,0,1,1,0,1,0
272,1,6,2014-11-01,6532,731,1,0,0,0,0,0,0,2014,11,305,735538,0,0,1,1,0,1,0
271,1,7,2014-11-02,0,0,0,0,0,0,0,0,0,2014,11,306,735539,0,0,1,1,0,1,0
270,1,1,2014-11-03,5857,625,1,1,0,0,0,0,0,2014,11,307,735540,0,0,1,1,0,1,0
269,1,2,2014-11-04,5253,586,1,1,0,0,0,0,0,2014,11,308,735541,0,0,1,1,0,1,0
268,1,3,2014-11-05,4838,539,1,1,0,0,0,0,0,2014,11,309,735542,0,0,1,1,0,1,0
267,1,4,2014-11-06,4785,527,1,1,0,0,0,0,0,2014,11,310,735543,0,0,1,1,0,1,0
266,1,5,2014-11-07,5220,582,1,1,0,0,0,0,0,2014,11,311,735544,0,0,1,1,0,1,0
265,1,6,2014-11-08,4720,546,1,0,0,0,0,0,0,2014,11,312,735545,0,0,1,1,0,1,0
264,1,7,2014-11-09,0,0,0,0,0,0,0,0,0,2014,11,313,735546,0,0,1,1,0,1,0
263,1,1,2014-11-10,5474,578,1,1,0,0,0,0,0,2014,11,314,735547,0,0,1,1,0,1,0
262,1,2,2014-11-11,4479,555,1,1,0,0,0,0,0,2014,11,315,735548,0,0,1,1,0,1,0
261,1,3,2014-11-12,4677,533,1,1,0,0,0,0,0,2014,11,316,735549,0,0,1,1,0,1,0
260,1,4,2014-11-13,3869,471,1,1,0,0,0,0,0,2014,11,317,735550,0,0,1,1,0,1,0
259,1,5,2014-11-14,5334,603,1,1,0,0,0,0,0,2014,11,318,735551,0,0,1,1,0,1,0
258,1,6,2014-11-15,4967,614,1,0,0,0,0,0,0,2014,11,319,735552,0,0,1,1,0,1,0
257,1,7,2014-11-16,0,0,0,0,0,0,0,0,0,2014,11,320,735553,0,0,1,1,0,1,0
256,1,1,2014-11-17,3582,491,1,0,0,0,0,0,0,2014,11,321,735554,0,0,1,1,0,1,0
255,1,2,2014-11-18,3890,529,1,0,0,0,0,0,0,2014,11,322,735555,0,0,1,1,0,1,0
254,1,3,2014-11-19,3894,494,1,0,0,0,0,0,0,2014,11,323,735556,0,0,1,1,0,1,0
253,1,4,2014-11-20,4963,635,1,0,0,0,0,0,0,2014,11,324,735557,0,0,1,1,0,1,0
252,1,5,2014-11-21,4594,570,1,0,0,0,0,0,0,2014,11,325,735558,0,0,1,1,0,1,0
251,1,6,2014-11-22,5849,678,1,0,0,0,0,0,0,2014,11,326,735559,0,0,1,1,0,1,0
250,1,7,2014-11-23,0,0,0,0,0,0,0,0,0,2014,11,327,735560,0,0,1,1,0,1,0
249,1,1,2014-11-24,6527,694,1,1,0,0,0,0,0,2014,11,328,735561,0,0,1,1,0,1,0
248,1,2,2014-11-25,5815,610,1,1,0,0,0,0,0,2014,11,329,735562,0,0,1,1,0,1,0
247,1,3,2014-11-26,5328,611,1,1,0,0,0,0,0,2014,11,330,735563,0,0,1,1,0,1,0
246,1,4,2014-11-27,6144,668,1,1,0,0,0,0,0,2014,11,331,735564,0,0,1,1,0,1,0
245,1,5,2014-11-28,7195,711,1,1,0,0,0,0,0,2014,11,332,735565,0,0,1,1,0,1,0
244,1,6,2014-11-29,7066,749,1,0,0,0,0,0,0,2014,11,333,735566,0,0,1,1,0,1,0
243,1,7,2014-11-30,0,0,0,0,0,0,0,0,0,2014,11,334,735567,0,0,1,1,0,1,0
242,1,1,2014-12-01,7380,723,1,1,0,0,0,0,0,2014,12,335,735568,0,0,1,1,0,1,0
241,1,2,2014-12-02,6467,717,1,1,0,0,0,0,0,2014,12,336,735569,0,0,1,1,0,1,0
240,1,3,2014-12-03,6454,695,1,1,0,0,0,0,0,2014,12,337,735570,0,0,1,1,0,1,0
239,1,4,2014-12-04,7016,681,1,1,0,0,0,0,0,2014,12,338,735571,0,0,1,1,0,1,0
238,1,5,2014-12-05,6207,712,1,1,0,0,0,0,0,2014,12,339,735572,0,0,1,1,0,1,0
237,1,6,2014-12-06,6185,746,1,0,0,0,0,0,0,2014,12,340,735573,0,0,1,1,0,1,0
236,1,7,2014-12-07,0,0,0,0,0,0,0,0,0,2014,12,341,735574,0,0,1,1,0,1,0
235,1,1,2014-12-08,4884,610,1,0,0,0,0,0,0,2014,12,342,735575,0,0,1,1,0,1,0
234,1,2,2014-12-09,4345,559,1,0,0,0,0,0,0,2014,12,343,735576,0,0,1,1,0,1,0
233,1,3,2014-12-10,4915,619,1,0,0,0,0,0,0,2014,12,344,735577,0,0,1,1,0,1,0
232,1,4,2014-12-11,5060,587,1,0,0,0,0,0,0,2014,12,345,735578,0,0,1,1,0,1,0
231,1,5,2014-12-12,5269,617,1,0,0,0,0,0,0,2014,12,346,735579,0,0,1,1,0,1,0
230,1,6,2014-12-13,7263,850,1,0,0,0,0,0,0,2014,12,347,735580,0,0,1,1,0,1,0
229,1,7,2014-12-14,0,0,0,0,0,0,0,0,0,2014,12,348,735581,0,0,1,1,0,1,0
228,1,1,2014-12-15,8069,871,1,1,0,0,0,0,0,2014,12,349,735582,0,0,1,1,0,1,0
227,1,2,2014-12-16,7739,823,1,1,0,0,0,0,0,2014,12,350,735583,0,0,1,1,0,1,0
226,1,3,2014-12-17,7523,791,1,1,0,0,0,0,0,2014,12,351,735584,0,0,1,1,0,1,0
225,1,4,2014-12-18,7785,841,1,1,0,0,0,0,0,2014,12,352,735585,0,0,1,1,0,1,0
224,1,5,2014-12-19,7558,884,1,1,0,0,0,0,0,2014,12,353,735586,0,0,1,1,0,1,0
223,1,6,2014-12-20,8367,962,1,0,0,0,0,0,0,2014,12,354,735587,0,0,1,1,0,1,0
222,1,7,2014-12-21,0,0,0,0,0,0,0,0,0,2014,12,355,735588,0,0,1,1,0,1,0
221,1,1,2014-12-22,9331,1080,1,0,0,1,0,0,0,2014,12,356,735589,0,0,1,1,0,1,0
220,1,2,2014-12-23,7959,957,1,0,0,1,0,0,0,2014,12,357,735590,0,0,1,1,0,1,0
219,1,3,2014-12-24,3659,421,1,0,0,1,0,0,0,2014,12,358,735591,0,0,1,1,0,1,0
218,1,4,2014-12-25,0,0,0,0,c,1,0,0,1,2014,12,359,735592,0,0,1,1,0,1,0
217,1,5,2014-12-26,0,0,0,0,c,1,0,0,1,2014,12,360,735593,0,0,1,1,0,1,0
216,1,6,2014-12-27,6057,684,1,0,0,1,0,0,0,2014,12,361,735594,0,0,1,1,0,1,0
215,1,7,2014-12-28,0,0,0,0,0,1,0,0,0,2014,12,362,735595,0,0,1,1,0,1,0
214,1,1,2014-12-29,6463,700,1,0,0,1,0,0,0,2014,12,363,735596,0,0,1,1,0,1,0
213,1,2,2014-12-30,6466,703,1,0,0,1,0,0,0,2014,12,364,735597,0,0,1,1,0,1,0
212,1,3,2014-12-31,2605,327,1,0,0,1,0,0,0,2014,12,365,735598,0,0,1,1,0,1,0
211,1,4,2015-01-01,0,0,0,0,a,1,1,0,0,2015,1,1,735599,0,0,1,1,0,1,0
210,1,5,2015-01-02,5509,657,1,0,0,1,0,0,0,2015,1,2,735600,0,0,1,1,0,1,0
209,1,6,2015-01-03,5023,645,1,0,0,1,0,0,0,2015,1,3,735601,0,0,1,1,0,1,0
208,1,7,2015-01-04,0,0,0,0,0,1,0,0,0,2015,1,4,735602,0,0,1,1,0,1,0
207,1,1,2015-01-05,6239,712,1,1,0,1,0,0,0,2015,1,5,735603,0,0,1,1,0,1,0
206,1,2,2015-01-06,4574,595,1,1,0,1,0,0,0,2015,1,6,735604,0,0,1,1,0,1,0
205,1,3,2015-01-07,4796,603,1,1,0,1,0,0,0,2015,1,7,735605,0,0,1,1,0,1,0
204,1,4,2015-01-08,3716,457,1,1,0,1,0,0,0,2015,1,8,735606,0,0,1,1,0,1,0
203,1,5,2015-01-09,3998,494,1,1,0,1,0,0,0,2015,1,9,735607,0,0,1,1,0,1,0
202,1,6,2015-01-10,4599,566,1,0,0,0,0,0,0,2015,1,10,735608,0,0,1,1,0,1,0
201,1,7,2015-01-11,0,0,0,0,0,0,0,0,0,2015,1,11,735609,0,0,1,1,0,1,0
200,1,1,2015-01-12,5346,590,1,1,0,0,0,0,0,2015,1,12,735610,0,0,1,1,0,1,0
199,1,2,2015-01-13,4924,564,1,1,0,0,0,0,0,2015,1,13,735611,0,0,1,1,0,1,0
198,1,3,2015-01-14,4541,545,1,1,0,0,0,0,0,2015,1,14,735612,0,0,1,1,0,1,0
197,1,4,2015-01-15,4295,517,1,1,0,0,0,0,0,2015,1,15,735613,0,0,1,1,0,1,0
196,1,5,2015-01-16,4161,524,1,1,0,0,0,0,0,2015,1,16,735614,0,0,1,1,0,1,0
195,1,6,2015-01-17,5255,622,1,0,0,0,0,0,0,2015,1,17,735615,0,0,1,1,0,1,0
194,1,7,2015-01-18,0,0,0,0,0,0,0,0,0,2015,1,18,735616,0,0,1,1,0,1,0
193,1,1,2015-01-19,3721,480,1,0,0,0,0,0,0,2015,1,19,735617,0,0,1,1,0,1,0
192,1,2,2015-01-20,3680,462,1,0,0,0,0,0,0,2015,1,20,735618,0,0,1,1,0,1,0
191,1,3,2015-01-21,3299,460,1,0,0,0,0,0,0,2015,1,21,735619,0,0,1,1,0,1,0
190,1,4,2015-01-22,3492,493,1,0,0,0,0,0,0,2015,1,22,735620,0,0,1,1,0,1,0
189,1,5,2015-01-23,3586,489,1,0,0,0,0,0,0,2015,1,23,735621,0,0,1,1,0,1,0
188,1,6,2015-01-24,4840,600,1,0,0,0,0,0,0,2015,1,24,735622,0,0,1,1,0,1,0
187,1,7,2015-01-25,0,0,0,0,0,0,0,0,0,2015,1,25,735623,0,0,1,1,0,1,0
186,1,1,2015-01-26,4781,566,1,1,0,0,0,0,0,2015,1,26,735624,0,0,1,1,0,1,0
185,1,2,2015-01-27,4806,532,1,1,0,0,0,0,0,2015,1,27,735625,0,0,1,1,0,1,0
184,1,3,2015-01-28,4310,537,1,1,0,0,0,0,0,2015,1,28,735626,0,0,1,1,0,1,0
183,1,4,2015-01-29,5171,573,1,1,0,0,0,0,0,2015,1,29,735627,0,0,1,1,0,1,0
182,1,5,2015-01-30,5577,616,1,1,0,0,0,0,0,2015,1,30,735628,0,0,1,1,0,1,0
181,1,6,2015-01-31,5363,638,1,0,0,0,0,0,0,2015,1,31,735629,0,0,1,1,0,1,0
180,1,7,2015-02-01,0,0,0,0,0,0,0,0,0,2015,2,32,735630,0,0,1,1,0,1,0
179,1,1,2015-02-02,6038,669,1,1,0,0,0,0,0,2015,2,33,735631,0,0,1,1,0,1,0
178,1,2,2015-02-03,4901,596,1,1,0,0,0,0,0,2015,2,34,735632,0,0,1,1,0,1,0
177,1,3,2015-02-04,4672,544,1,1,0,0,0,0,0,2015,2,35,735633,0,0,1,1,0,1,0
176,1,4,2015-02-05,4394,551,1,1,0,0,0,0,0,2015,2,36,735634,0,0,1,1,0,1,0
175,1,5,2015-02-06,5022,604,1,1,0,0,0,0,0,2015,2,37,735635,0,0,1,1,0,1,0
174,1,6,2015-02-07,4663,599,1,0,0,0,0,0,0,2015,2,38,735636,0,0,1,1,0,1,0
173,1,7,2015-02-08,0,0,0,0,0,0,0,0,0,2015,2,39,735637,0,0,1,1,0,1,0
172,1,1,2015-02-09,3965,501,1,0,0,0,0,0,0,2015,2,40,735638,0,0,1,1,0,1,0
171,1,2,2015-02-10,3136,419,1,0,0,0,0,0,0,2015,2,41,735639,0,0,1,1,0,1,0
170,1,3,2015-02-11,3735,501,1,0,0,0,0,0,0,2015,2,42,735640,0,0,1,1,0,1,0
169,1,4,2015-02-12,3900,477,1,0,0,0,0,0,0,2015,2,43,735641,0,0,1,1,0,1,0
168,1,5,2015-02-13,4726,630,1,0,0,0,0,0,0,2015,2,44,735642,0,0,1,1,0,1,0
167,1,6,2015-02-14,5015,624,1,0,0,0,0,0,0,2015,2,45,735643,0,0,1,1,0,1,0
166,1,7,2015-02-15,0,0,0,0,0,0,0,0,0,2015,2,46,735644,0,0,1,1,0,1,0
165,1,1,2015-02-16,4303,478,1,1,0,0,0,0,0,2015,2,47,735645,0,0,1,1,0,1,0
164,1,2,2015-02-17,4833,512,1,1,0,0,0,0,0,2015,2,48,735646,0,0,1,1,0,1,0
163,1,3,2015-02-18,4180,509,1,1,0,0,0,0,0,2015,2,49,735647,0,0,1,1,0,1,0
162,1,4,2015-02-19,4460,507,1,1,0,0,0,0,0,2015,2,50,735648,0,0,1,1,0,1,0
161,1,5,2015-02-20,4651,548,1,1,0,0,0,0,0,2015,2,51,735649,0,0,1,1,0,1,0
160,1,6,2015-02-21,4475,547,1,0,0,0,0,0,0,2015,2,52,735650,0,0,1,1,0,1,0
159,1,7,2015-02-22,0,0,0,0,0,0,0,0,0,2015,2,53,735651,0,0,1,1,0,1,0
158,1,1,2015-02-23,3598,454,1,0,0,0,0,0,0,2015,2,54,735652,0,0,1,1,0,1,0
157,1,2,2015-02-24,4054,500,1,0,0,0,0,0,0,2015,2,55,735653,0,0,1,1,0,1,0
156,1,3,2015-02-25,3875,512,1,0,0,0,0,0,0,2015,2,56,735654,0,0,1,1,0,1,0
155,1,4,2015-02-26,4042,489,1,0,0,0,0,0,0,2015,2,57,735655,0,0,1,1,0,1,0
154,1,5,2015-02-27,4708,542,1,0,0,0,0,0,0,2015,2,58,735656,0,0,1,1,0,1,0
153,1,6,2015-02-28,5289,640,1,0,0,0,0,0,0,2015,2,59,735657,0,0,1,1,0,1,0
152,1,7,2015-03-01,0,0,0,0,0,0,0,0,0,2015,3,60,735658,0,0,1,1,0,1,0
151,1,1,2015-03-02,5942,669,1,1,0,0,0,0,0,2015,3,61,735659,0,0,1,1,0,1,0
150,1,2,2015-03-03,5451,576,1,1,0,0,0,0,0,2015,3,62,735660,0,0,1,1,0,1,0
149,1,3,2015-03-04,5568,597,1,1,0,0,0,0,0,2015,3,63,735661,0,0,1,1,0,1,0
148,1,4,2015-03-05,4419,534,1,1,0,0,0,0,0,2015,3,64,735662,0,0,1,1,0,1,0
147,1,5,2015-03-06,5397,579,1,1,0,0,0,0,0,2015,3,65,735663,0,0,1,1,0,1,0
146,1,6,2015-03-07,4592,570,1,0,0,0,0,0,0,2015,3,66,735664,0,0,1,1,0,1,0
145,1,7,2015-03-08,0,0,0,0,0,0,0,0,0,2015,3,67,735665,0,0,1,1,0,1,0
144,1,1,2015-03-09,3701,485,1,0,0,0,0,0,0,2015,3,68,735666,0,0,1,1,0,1,0
143,1,2,2015-03-10,3805,491,1,0,0,0,0,0,0,2015,3,69,735667,0,0,1,1,0,1,0
142,1,3,2015-03-11,4170,521,1,0,0,0,0,0,0,2015,3,70,735668,0,0,1,1,0,1,0
141,1,4,2015-03-12,3141,405,1,0,0,0,0,0,0,2015,3,71,735669,0,0,1,1,0,1,0
140,1,5,2015-03-13,3725,493,1,0,0,0,0,0,0,2015,3,72,735670,0,0,1,1,0,1,0
139,1,6,2015-03-14,5225,599,1,0,0,0,0,0,0,2015,3,73,735671,0,0,1,1,0,1,0
138,1,7,2015-03-15,0,0,0,0,0,0,0,0,0,2015,3,74,735672,0,0,1,1,0,1,0
137,1,1,2015-03-16,5695,605,1,1,0,0,0,0,0,2015,3,75,735673,0,0,1,1,0,1,0
136,1,2,2015-03-17,4806,555,1,1,0,0,0,0,0,2015,3,76,735674,0,0,1,1,0,1,0
135,1,3,2015-03-18,3858,504,1,1,0,0,0,0,0,2015,3,77,735675,0,0,1,1,0,1,0
134,1,4,2015-03-19,4748,535,1,1,0,0,0,0,0,2015,3,78,735676,0,0,1,1,0,1,0
133,1,5,2015-03-20,4057,472,1,1,0,0,0,0,0,2015,3,79,735677,0,0,1,1,0,1,0
132,1,6,2015-03-21,3909,506,1,0,0,0,0,0,0,2015,3,80,735678,0,0,1,1,0,1,0
131,1,7,2015-03-22,0,0,0,0,0,0,0,0,0,2015,3,81,735679,0,0,1,1,0,1,0
130,1,1,2015-03-23,3565,495,1,0,0,0,0,0,0,2015,3,82,735680,0,0,1,1,0,1,0
129,1,2,2015-03-24,3547,464,1,0,0,0,0,0,0,2015,3,83,735681,0,0,1,1,0,1,0
128,1,3,2015-03-25,3531,447,1,0,0,0,0,0,0,2015,3,84,735682,0,0,1,1,0,1,0
127,1,4,2015-03-26,3932,490,1,0,0,0,0,0,0,2015,3,85,735683,0,0,1,1,0,1,0
126,1,5,2015-03-27,4005,529,1,0,0,0,0,0,0,2015,3,86,735684,0,0,1,1,0,1,0
125,1,6,2015-03-28,5208,605,1,0,0,0,0,0,0,2015,3,87,735685,0,0,1,1,0,1,0
124,1,7,2015-03-29,0,0,0,0,0,0,0,0,0,2015,3,88,735686,0,0,1,1,0,1,0
123,1,1,2015-03-30,6714,697,1,1,0,1,0,0,0,2015,3,89,735687,0,0,1,1,0,1,0
122,1,2,2015-03-31,6206,589,1,1,0,1,0,0,0,2015,3,90,735688,0,0,1,1,0,1,0
121,1,3,2015-04-01,6816,707,1,1,0,1,0,0,0,2015,4,91,735689,0,0,1,1,0,1,0
120,1,4,2015-04-02,6574,722,1,1,0,1,0,0,0,2015,4,92,735690,0,0,1,1,0,1,0
119,1,5,2015-04-03,0,0,0,1,b,1,0,1,0,2015,4,93,735691,0,0,1,1,0,1,0
118,1,6,2015-04-04,6709,796,1,0,0,1,0,0,0,2015,4,94,735692,0,0,1,1,0,1,0
117,1,7,2015-04-05,0,0,0,0,0,1,0,0,0,2015,4,95,735693,0,0,1,1,0,1,0
116,1,1,2015-04-06,0,0,0,0,b,1,0,1,0,2015,4,96,735694,0,0,1,1,0,1,0
115,1,2,2015-04-07,4163,555,1,0,0,1,0,0,0,2015,4,97,735695,0,0,1,1,0,1,0
114,1,3,2015-04-08,4194,500,1,0,0,1,0,0,0,2015,4,98,735696,0,0,1,1,0,1,0
113,1,4,2015-04-09,3467,430,1,0,0,1,0,0,0,2015,4,99,735697,0,0,1,1,0,1,0
112,1,5,2015-04-10,3549,428,1,0,0,1,0,0,0,2015,4,100,735698,0,0,1,1,0,1,0
111,1,6,2015-04-11,4173,525,1,0,0,0,0,0,0,2015,4,101,735699,0,0,1,1,0,1,0
110,1,7,2015-04-12,0,0,0,0,0,0,0,0,0,2015,4,102,735700,0,0,1,1,0,1,0
109,1,1,2015-04-13,5377,574,1,1,0,0,0,0,0,2015,4,103,735701,0,0,1,1,0,1,0
108,1,2,2015-04-14,4648,535,1,1,0,0,0,0,0,2015,4,104,735702,0,0,1,1,0,1,0
107,1,3,2015-04-15,4110,501,1,1,0,0,0,0,0,2015,4,105,735703,0,0,1,1,0,1,0
106,1,4,2015-04-16,4116,480,1,1,0,0,0,0,0,2015,4,106,735704,0,0,1,1,0,1,0
105,1,5,2015-04-17,4718,511,1,1,0,0,0,0,0,2015,4,107,735705,0,0,1,1,0,1,0
104,1,6,2015-04-18,4594,544,1,0,0,0,0,0,0,2015,4,108,735706,0,0,1,1,0,1,0
103,1,7,2015-04-19,0,0,0,0,0,0,0,0,0,2015,4,109,735707,0,0,1,1,0,1,0
102,1,1,2015-04-20,3722,480,1,0,0,0,0,0,0,2015,4,110,735708,0,0,1,1,0,1,0
101,1,2,2015-04-21,3037,416,1,0,0,0,0,0,0,2015,4,111,735709,0,0,1,1,0,1,0
100,1,3,2015-04-22,3319,411,1,0,0,0,0,0,0,2015,4,112,735710,0,0,1,1,0,1,0
99,1,4,2015-04-23,3076,426,1,0,0,0,0,0,0,2015,4,113,735711,0,0,1,1,0,1,0
98,1,5,2015-04-24,3198,437,1,0,0,0,0,0,0,2015,4,114,735712,0,0,1,1,0,1,0
97,1,6,2015-04-25,4318,537,1,0,0,0,0,0,0,2015,4,115,735713,0,0,1,1,0,1,0
96,1,7,2015-04-26,0,0,0,0,0,0,0,0,0,2015,4,116,735714,0,0,1,1,0,1,0
95,1,1,2015-04-27,5575,574,1,1,0,0,0,0,0,2015,4,117,735715,0,0,1,1,0,1,0
94,1,2,2015-04-28,5199,552,1,1,0,0,0,0,0,2015,4,118,735716,0,0,1,1,0,1,0
93,1,3,2015-04-29,5775,579,1,1,0,0,0,0,0,2015,4,119,735717,0,0,1,1,0,1,0
92,1,4,2015-04-30,6228,650,1,1,0,0,0,0,0,2015,4,120,735718,0,0,1,1,0,1,0
91,1,5,2015-05-01,0,0,0,1,a,0,1,0,0,2015,5,121,735719,0,0,1,1,0,1,0
90,1,6,2015-05-02,5850,653,1,0,0,0,0,0,0,2015,5,122,735720,0,0,1,1,0,1,0
89,1,7,2015-05-03,0,0,0,0,0,0,0,0,0,2015,5,123,735721,0,0,1,1,0,1,0
88,1,1,2015-05-04,5591,589,1,1,0,0,0,0,0,2015,5,124,735722,0,0,1,1,0,1,0
87,1,2,2015-05-05,4564,514,1,1,0,0,0,0,0,2015,5,125,735723,0,0,1,1,0,1,0
86,1,3,2015-05-06,4960,536,1,1,0,0,0,0,0,2015,5,126,735724,0,0,1,1,0,1,0
85,1,4,2015-05-07,4529,491,1,1,0,0,0,0,0,2015,5,127,735725,0,0,1,1,0,1,0
84,1,5,2015-05-08,4683,536,1,1,0,0,0,0,0,2015,5,128,735726,0,0,1,1,0,1,0
83,1,6,2015-05-09,4945,596,1,0,0,0,0,0,0,2015,5,129,735727,0,0,1,1,0,1,0
82,1,7,2015-05-10,0,0,0,0,0,0,0,0,0,2015,5,130,735728,0,0,1,1,0,1,0
81,1,1,2015-05-11,3551,453,1,0,0,0,0,0,0,2015,5,131,735729,0,0,1,1,0,1,0
80,1,2,2015-05-12,3547,438,1,0,0,0,0,0,0,2015,5,132,735730,0,0,1,1,0,1,0
79,1,3,2015-05-13,3998,523,1,0,0,0,0,0,0,2015,5,133,735731,0,0,1,1,0,1,0
78,1,4,2015-05-14,0,0,0,0,a,0,1,0,0,2015,5,134,735732,0,0,1,1,0,1,0
77,1,5,2015-05-15,4178,523,1,0,0,0,0,0,0,2015,5,135,735733,0,0,1,1,0,1,0
76,1,6,2015-05-16,4431,505,1,0,0,0,0,0,0,2015,5,136,735734,0,0,1,1,0,1,0
75,1,7,2015-05-17,0,0,0,0,0,0,0,0,0,2015,5,137,735735,0,0,1,1,0,1,0
74,1,1,2015-05-18,5280,577,1,1,0,0,0,0,0,2015,5,138,735736,0,0,1,1,0,1,0
73,1,2,2015-05-19,5235,546,1,1,0,0,0,0,0,2015,5,139,735737,0,0,1,1,0,1,0
72,1,3,2015-05-20,4735,533,1,1,0,0,0,0,0,2015,5,140,735738,0,0,1,1,0,1,0
71,1,4,2015-05-21,3755,471,1,1,0,0,0,0,0,2015,5,141,735739,0,0,1,1,0,1,0
70,1,5,2015-05-22,4459,495,1,1,0,0,0,0,0,2015,5,142,735740,0,0,1,1,0,1,0
69,1,6,2015-05-23,4276,506,1,0,0,0,0,0,0,2015,5,143,735741,0,0,1,1,0,1,0
68,1,7,2015-05-24,0,0,0,0,0,0,0,0,0,2015,5,144,735742,0,0,1,1,0,1,0
67,1,1,2015-05-25,0,0,0,0,a,0,1,0,0,2015,5,145,735743,0,0,1,1,0,1,0
66,1,2,2015-05-26,4211,479,1,0,0,0,0,0,0,2015,5,146,735744,0,0,1,1,0,1,0
65,1,3,2015-05-27,4083,497,1,0,0,0,0,0,0,2015,5,147,735745,0,0,1,1,0,1,0
64,1,4,2015-05-28,4111,474,1,0,0,0,0,0,0,2015,5,148,735746,0,0,1,1,0,1,0
63,1,5,2015-05-29,4656,537,1,0,0,0,0,0,0,2015,5,149,735747,0,0,1,1,0,1,0
62,1,6,2015-05-30,5592,580,1,0,0,0,0,0,0,2015,5,150,735748,0,0,1,1,0,1,0
61,1,7,2015-05-31,0,0,0,0,0,0,0,0,0,2015,5,151,735749,0,0,1,1,0,1,0
60,1,1,2015-06-01,5774,607,1,1,0,0,0,0,0,2015,6,152,735750,0,0,1,1,0,1,0
59,1,2,2015-06-02,5450,590,1,1,0,0,0,0,0,2015,6,153,735751,0,0,1,1,0,1,0
58,1,3,2015-06-03,5809,616,1,1,0,0,0,0,0,2015,6,154,735752,0,0,1,1,0,1,0
57,1,4,2015-06-04,0,0,0,1,a,0,1,0,0,2015,6,155,735753,0,0,1,1,0,1,0
56,1,5,2015-06-05,5384,609,1,1,0,0,0,0,0,2015,6,156,735754,0,0,1,1,0,1,0
55,1,6,2015-06-06,4183,460,1,0,0,0,0,0,0,2015,6,157,735755,0,0,1,1,0,1,0
54,1,7,2015-06-07,0,0,0,0,0,0,0,0,0,2015,6,158,735756,0,0,1,1,0,1,0
53,1,1,2015-06-08,4071,502,1,0,0,0,0,0,0,2015,6,159,735757,0,0,1,1,0,1,0
52,1,2,2015-06-09,4102,485,1,0,0,0,0,0,0,2015,6,160,735758,0,0,1,1,0,1,0
51,1,3,2015-06-10,3591,453,1,0,0,0,0,0,0,2015,6,161,735759,0,0,1,1,0,1,0
50,1,4,2015-06-11,3627,442,1,0,0,0,0,0,0,2015,6,162,735760,0,0,1,1,0,1,0
49,1,5,2015-06-12,3695,422,1,0,0,0,0,0,0,2015,6,163,735761,0,0,1,1,0,1,0
48,1,6,2015-06-13,4256,502,1,0,0,0,0,0,0,2015,6,164,735762,0,0,1,1,0,1,0
47,1,7,2015-06-14,0,0,0,0,0,0,0,0,0,2015,6,165,735763,0,0,1,1,0,1,0
46,1,1,2015-06-15,5518,586,1,1,0,0,0,0,0,2015,6,166,735764,0,0,1,1,0,1,0
45,1,2,2015-06-16,4852,503,1,1,0,0,0,0,0,2015,6,167,735765,0,0,1,1,0,1,0
44,1,3,2015-06-17,4000,476,1,1,0,0,0,0,0,2015,6,168,735766,0,0,1,1,0,1,0
43,1,4,2015-06-18,4645,498,1,1,0,0,0,0,0,2015,6,169,735767,0,0,1,1,0,1,0
42,1,5,2015-06-19,4202,487,1,1,0,0,0,0,0,2015,6,170,735768,0,0,1,1,0,1,0
41,1,6,2015-06-20,4097,494,1,0,0,0,0,0,0,2015,6,171,735769,0,0,1,1,0,1,0
40,1,7,2015-06-21,0,0,0,0,0,0,0,0,0,2015,6,172,735770,0,0,1,1,0,1,0
39,1,1,2015-06-22,3846,489,1,0,0,0,0,0,0,2015,6,173,735771,0,0,1,1,0,1,0
38,1,2,2015-06-23,3762,447,1,0,0,0,0,0,0,2015,6,174,735772,0,0,1,1,0,1,0
37,1,3,2015-06-24,3346,414,1,0,0,0,0,0,0,2015,6,175,735773,0,0,1,1,0,1,0
36,1,4,2015-06-25,3533,433,1,0,0,0,0,0,0,2015,6,176,735774,0,0,1,1,0,1,0
35,1,5,2015-06-26,3317,420,1,0,0,0,0,0,0,2015,6,177,735775,0,0,1,1,0,1,0
34,1,6,2015-06-27,4019,463,1,0,0,0,0,0,0,2015,6,178,735776,0,0,1,1,0,1,0
33,1,7,2015-06-28,0,0,0,0,0,0,0,0,0,2015,6,179,735777,0,0,1,1,0,1,0
32,1,1,2015-06-29,5197,541,1,1,0,0,0,0,0,2015,6,180,735778,0,0,1,1,0,1,0
31,1,2,2015-06-30,5735,568,1,1,0,0,0,0,0,2015,6,181,735779,0,0,1,1,0,1,0
30,1,3,2015-07-01,5223,562,1,1,0,0,0,0,0,2015,7,182,735780,0,0,1,1,0,1,0
29,1,4,2015-07-02,5558,573,1,1,0,0,0,0,0,2015,7,183,735781,0,0,1,1,0,1,0
28,1,5,2015-07-03,4665,538,1,1,0,0,0,0,0,2015,7,184,735782,0,0,1,1,0,1,0
27,1,6,2015-07-04,4797,560,1,0,0,0,0,0,0,2015,7,185,735783,0,0,1,1,0,1,0
26,1,7,2015-07-05,0,0,0,0,0,0,0,0,0,2015,7,186,735784,0,0,1,1,0,1,0
25,1,1,2015-07-06,4359,540,1,0,0,0,0,0,0,2015,7,187,735785,0,0,1,1,0,1,0
24,1,2,2015-07-07,3650,485,1,0,0,0,0,0,0,2015,7,188,735786,0,0,1,1,0,1,0
23,1,3,2015-07-08,3797,485,1,0,0,0,0,0,0,2015,7,189,735787,0,0,1,1,0,1,0
22,1,4,2015-07-09,3897,480,1,0,0,0,0,0,0,2015,7,190,735788,0,0,1,1,0,1,0
21,1,5,2015-07-10,3808,449,1,0,0,0,0,0,0,2015,7,191,735789,0,0,1,1,0,1,0
20,1,6,2015-07-11,3530,441,1,0,0,0,0,0,0,2015,7,192,735790,0,0,1,1,0,1,0
19,1,7,2015-07-12,0,0,0,0,0,0,0,0,0,2015,7,193,735791,0,0,1,1,0,1,0
18,1,1,2015-07-13,5054,553,1,1,0,0,0,0,0,2015,7,194,735792,0,0,1,1,0,1,0
17,1,2,2015-07-14,5042,544,1,1,0,0,0,0,0,2015,7,195,735793,0,0,1,1,0,1,0
16,1,3,2015-07-15,4767,550,1,1,0,0,0,0,0,2015,7,196,735794,0,0,1,1,0,1,0
15,1,4,2015-07-16,4427,517,1,1,0,0,0,0,0,2015,7,197,735795,0,0,1,1,0,1,0
14,1,5,2015-07-17,4852,519,1,1,0,0,0,0,0,2015,7,198,735796,0,0,1,1,0,1,0
13,1,6,2015-07-18,4406,512,1,0,0,0,0,0,0,2015,7,199,735797,0,0,1,1,0,1,0
12,1,7,2015-07-19,0,0,0,0,0,0,0,0,0,2015,7,200,735798,0,0,1,1,0,1,0
11,1,1,2015-07-20,4395,526,1,0,0,0,0,0,0,2015,7,201,735799,0,0,1,1,0,1,0
10,1,2,2015-07-21,3558,469,1,0,0,0,0,0,0,2015,7,202,735800,0,0,1,1,0,1,0
9,1,3,2015-07-22,3464,463,1,0,0,0,0,0,0,2015,7,203,735801,0,0,1,1,0,1,0
8,1,4,2015-07-23,3769,503,1,0,0,0,0,0,0,2015,7,204,735802,0,0,1,1,0,1,0
7,1,5,2015-07-24,3706,459,1,0,0,0,0,0,0,2015,7,205,735803,0,0,1,1,0,1,0
6,1,6,2015-07-25,4364,500,1,0,0,0,0,0,0,2015,7,206,735804,0,0,1,1,0,1,0
5,1,7,2015-07-26,0,0,0,0,0,0,0,0,0,2015,7,207,735805,0,0,1,1,0,1,0
4,1,1,2015-07-27,6102,612,1,1,0,1,0,0,0,2015,7,208,735806,0,0,1,1,0,1,0
3,1,2,2015-07-28,5011,560,1,1,0,1,0,0,0,2015,7,209,735807,0,0,1,1,0,1,0
2,1,3,2015-07-29,4782,523,1,1,0,1,0,0,0,2015,7,210,735808,0,0,1,1,0,1,0
1,1,4,2015-07-30,5020,546,1,1,0,1,0,0,0,2015,7,211,735809,0,0,1,1,0,1,0
0,1,5,2015-07-31,5263,555,1,1,0,1,0,0,0,2015,7,212,735810,0,0,1,1,0,1,0
